country,city,latitude,longitude,temperature_2m_max,temperature_2m_min,temperature_2m_mean,apparent_temperature_max,apparent_temperature_min,apparent_temperature_mean,precipitation_sum,wind_speed_10m_max,et0_fao_evapotranspiration,pm10,pm2_5,carbon_monoxide,nitrogen_dioxide,sulphur_dioxide,ozone,fecha,respiratoria,cardiovascular,otra,defunciones_totales,temperature_2m_mean_lag0,temperature_2m_mean_lag1,temperature_2m_mean_lag2,temperature_2m_mean_lag3,temperature_2m_mean_lag4,temperature_2m_mean_lag5,temperature_2m_mean_lag6,temperature_2m_mean_lag7,temperature_2m_mean_lag8,temperature_2m_mean_lag9,temperature_2m_mean_lag10,temperature_2m_mean_lag11,temperature_2m_mean_lag12,temperature_2m_mean_lag13,temperature_2m_mean_lag14,apparent_temperature_mean_lag0,apparent_temperature_mean_lag1,apparent_temperature_mean_lag2,apparent_temperature_mean_lag3,apparent_temperature_mean_lag4,apparent_temperature_mean_lag5,apparent_temperature_mean_lag6,apparent_temperature_mean_lag7,apparent_temperature_mean_lag8,apparent_temperature_mean_lag9,apparent_temperature_mean_lag10,apparent_temperature_mean_lag11,apparent_temperature_mean_lag12,apparent_temperature_mean_lag13,apparent_temperature_mean_lag14,precipitation_sum_lag0,precipitation_sum_lag1,precipitation_sum_lag2,precipitation_sum_lag3,precipitation_sum_lag4,precipitation_sum_lag5,precipitation_sum_lag6,precipitation_sum_lag7,precipitation_sum_lag8,precipitation_sum_lag9,precipitation_sum_lag10,precipitation_sum_lag11,precipitation_sum_lag12,precipitation_sum_lag13,precipitation_sum_lag14,wind_speed_10m_max_lag0,wind_speed_10m_max_lag1,wind_speed_10m_max_lag2,wind_speed_10m_max_lag3,wind_speed_10m_max_lag4,wind_speed_10m_max_lag5,wind_speed_10m_max_lag6,wind_speed_10m_max_lag7,wind_speed_10m_max_lag8,wind_speed_10m_max_lag9,wind_speed_10m_max_lag10,wind_speed_10m_max_lag11,wind_speed_10m_max_lag12,wind_speed_10m_max_lag13,wind_speed_10m_max_lag14,pm10_lag0,pm10_lag1,pm10_lag2,pm10_lag3,pm10_lag4,pm10_lag5,pm10_lag6,pm10_lag7,pm10_lag8,pm10_lag9,pm10_lag10,pm10_lag11,pm10_lag12,pm10_lag13,pm10_lag14,pm2_5_lag0,pm2_5_lag1,pm2_5_lag2,pm2_5_lag3,pm2_5_lag4,pm2_5_lag5,pm2_5_lag6,pm2_5_lag7,pm2_5_lag8,pm2_5_lag9,pm2_5_lag10,pm2_5_lag11,pm2_5_lag12,pm2_5_lag13,pm2_5_lag14,carbon_monoxide_lag0,carbon_monoxide_lag1,carbon_monoxide_lag2,carbon_monoxide_lag3,carbon_monoxide_lag4,carbon_monoxide_lag5,carbon_monoxide_lag6,carbon_monoxide_lag7,carbon_monoxide_lag8,carbon_monoxide_lag9,carbon_monoxide_lag10,carbon_monoxide_lag11,carbon_monoxide_lag12,carbon_monoxide_lag13,carbon_monoxide_lag14,nitrogen_dioxide_lag0,nitrogen_dioxide_lag1,nitrogen_dioxide_lag2,nitrogen_dioxide_lag3,nitrogen_dioxide_lag4,nitrogen_dioxide_lag5,nitrogen_dioxide_lag6,nitrogen_dioxide_lag7,nitrogen_dioxide_lag8,nitrogen_dioxide_lag9,nitrogen_dioxide_lag10,nitrogen_dioxide_lag11,nitrogen_dioxide_lag12,nitrogen_dioxide_lag13,nitrogen_dioxide_lag14,sulphur_dioxide_lag0,sulphur_dioxide_lag1,sulphur_dioxide_lag2,sulphur_dioxide_lag3,sulphur_dioxide_lag4,sulphur_dioxide_lag5,sulphur_dioxide_lag6,sulphur_dioxide_lag7,sulphur_dioxide_lag8,sulphur_dioxide_lag9,sulphur_dioxide_lag10,sulphur_dioxide_lag11,sulphur_dioxide_lag12,sulphur_dioxide_lag13,sulphur_dioxide_lag14,ozone_lag0,ozone_lag1,ozone_lag2,ozone_lag3,ozone_lag4,ozone_lag5,ozone_lag6,ozone_lag7,ozone_lag8,ozone_lag9,ozone_lag10,ozone_lag11,ozone_lag12,ozone_lag13,ozone_lag14
Mexico,Mexico City,19.4326,-99.1332,22.124,8.324,14.388583,20.14365,6.9127026,12.770397,0.0,19.966211,3.644652,45.3625,31.641666666666666,896.0,36.6875,85.75,90.875,2023-01-05,0,0,1,1,14.388583,,,,,,,,,,,,,,,12.770397,,,,,,,,,,,,,,,0.0,,,,,,,,,,,,,,,19.966211,,,,,,,,,,,,,,,45.3625,,,,,,,,,,,,,,,31.641666666666666,,,,,,,,,,,,,,,896.0,,,,,,,,,,,,,,,36.6875,,,,,,,,,,,,,,,85.75,,,,,,,,,,,,,,,90.875,,,,,,,,,,,,,,
Mexico,Mexico City,19.4326,-99.1332,21.774,7.024,13.76775,19.319086,4.8065643,11.733098,0.0,11.177405,3.4880843,49.60833333333333,34.57083333333333,3152.375,68.61666666666666,26.45833333333333,67.79166666666667,2023-01-12,0,0,1,1,13.76775,14.388583,,,,,,,,,,,,,,11.733098,12.770397,,,,,,,,,,,,,,0.0,0.0,,,,,,,,,,,,,,11.177405,19.966211,,,,,,,,,,,,,,49.60833333333333,45.3625,,,,,,,,,,,,,,34.57083333333333,31.641666666666666,,,,,,,,,,,,,,3152.375,896.0,,,,,,,,,,,,,,68.61666666666666,36.6875,,,,,,,,,,,,,,26.45833333333333,85.75,,,,,,,,,,,,,,67.79166666666667,90.875,,,,,,,,,,,,,
Mexico,Mexico City,19.4326,-99.1332,26.074001,9.074,17.334417,23.72831,7.420865,15.28368,0.0,19.681828,4.734256,44.00416666666666,30.704166666666666,2226.5416666666665,68.2,48.7125,134.04166666666666,2023-01-31,0,0,1,1,17.334417,13.76775,14.388583,,,,,,,,,,,,,15.28368,11.733098,12.770397,,,,,,,,,,,,,0.0,0.0,0.0,,,,,,,,,,,,,19.681828,11.177405,19.966211,,,,,,,,,,,,,44.00416666666666,49.60833333333333,45.3625,,,,,,,,,,,,,30.704166666666666,34.57083333333333,31.641666666666666,,,,,,,,,,,,,2226.5416666666665,3152.375,896.0,,,,,,,,,,,,,68.2,68.61666666666666,36.6875,,,,,,,,,,,,,48.7125,26.45833333333333,85.75,,,,,,,,,,,,,134.04166666666666,67.79166666666667,90.875,,,,,,,,,,,,
Mexico,Mexico City,19.4326,-99.1332,26.674002,9.124,16.707335,25.34177,7.4536066,15.007007,0.0,21.129885,5.0591397,50.925,35.35,1557.5416666666667,55.31666666666666,101.6,117.875,2023-02-20,0,0,1,1,16.707335,17.334417,13.76775,14.388583,,,,,,,,,,,,15.007007,15.28368,11.733098,12.770397,,,,,,,,,,,,0.0,0.0,0.0,0.0,,,,,,,,,,,,21.129885,19.681828,11.177405,19.966211,,,,,,,,,,,,50.925,44.00416666666666,49.60833333333333,45.3625,,,,,,,,,,,,35.35,30.704166666666666,34.57083333333333,31.641666666666666,,,,,,,,,,,,1557.5416666666667,2226.5416666666665,3152.375,896.0,,,,,,,,,,,,55.31666666666666,68.2,68.61666666666666,36.6875,,,,,,,,,,,,101.6,48.7125,26.45833333333333,85.75,,,,,,,,,,,,117.875,134.04166666666666,67.79166666666667,90.875,,,,,,,,,,,
Mexico,Mexico City,19.4326,-99.1332,30.424002,14.074,22.394835,29.516685,13.381374,20.780313,0.0,17.771753,6.231976,50.0375,34.72083333333333,846.5,27.21666666666667,76.16250000000001,159.0,2023-04-03,0,0,1,1,22.394835,16.707335,17.334417,13.76775,14.388583,,,,,,,,,,,20.780313,15.007007,15.28368,11.733098,12.770397,,,,,,,,,,,0.0,0.0,0.0,0.0,0.0,,,,,,,,,,,17.771753,21.129885,19.681828,11.177405,19.966211,,,,,,,,,,,50.0375,50.925,44.00416666666666,49.60833333333333,45.3625,,,,,,,,,,,34.72083333333333,35.35,30.704166666666666,34.57083333333333,31.641666666666666,,,,,,,,,,,846.5,1557.5416666666667,2226.5416666666665,3152.375,896.0,,,,,,,,,,,27.21666666666667,55.31666666666666,68.2,68.61666666666666,36.6875,,,,,,,,,,,76.16250000000001,101.6,48.7125,26.45833333333333,85.75,,,,,,,,,,,159.0,117.875,134.04166666666666,67.79166666666667,90.875,,,,,,,,,,
Mexico,Mexico City,19.4326,-99.1332,30.674002,14.424,22.651083,26.39757,12.452995,19.209745,0.0,30.472675,8.02278,18.0875,12.416666666666666,709.1666666666666,24.329166666666666,8.804166666666667,81.875,2023-06-23,0,0,2,2,22.651083,22.394835,16.707335,17.334417,13.76775,14.388583,,,,,,,,,,19.209745,20.780313,15.007007,15.28368,11.733098,12.770397,,,,,,,,,,0.0,0.0,0.0,0.0,0.0,0.0,,,,,,,,,,30.472675,17.771753,21.129885,19.681828,11.177405,19.966211,,,,,,,,,,18.0875,50.0375,50.925,44.00416666666666,49.60833333333333,45.3625,,,,,,,,,,12.416666666666666,34.72083333333333,35.35,30.704166666666666,34.57083333333333,31.641666666666666,,,,,,,,,,709.1666666666666,846.5,1557.5416666666667,2226.5416666666665,3152.375,896.0,,,,,,,,,,24.329166666666666,27.21666666666667,55.31666666666666,68.2,68.61666666666666,36.6875,,,,,,,,,,8.804166666666667,76.16250000000001,101.6,48.7125,26.45833333333333,85.75,,,,,,,,,,81.875,159.0,117.875,134.04166666666666,67.79166666666667,90.875,,,,,,,,,
Mexico,Mexico City,19.4326,-99.1332,25.124,13.674,18.755249,27.36945,13.328688,19.13288,3.3999999,13.556282,4.8911924,37.19583333333333,25.34583333333333,656.125,49.26666666666667,21.204166666666666,91.0,2023-08-10,0,3,4,7,18.755249,22.651083,22.394835,16.707335,17.334417,13.76775,14.388583,,,,,,,,,19.13288,19.209745,20.780313,15.007007,15.28368,11.733098,12.770397,,,,,,,,,3.3999999,0.0,0.0,0.0,0.0,0.0,0.0,,,,,,,,,13.556282,30.472675,17.771753,21.129885,19.681828,11.177405,19.966211,,,,,,,,,37.19583333333333,18.0875,50.0375,50.925,44.00416666666666,49.60833333333333,45.3625,,,,,,,,,25.34583333333333,12.416666666666666,34.72083333333333,35.35,30.704166666666666,34.57083333333333,31.641666666666666,,,,,,,,,656.125,709.1666666666666,846.5,1557.5416666666667,2226.5416666666665,3152.375,896.0,,,,,,,,,49.26666666666667,24.329166666666666,27.21666666666667,55.31666666666666,68.2,68.61666666666666,36.6875,,,,,,,,,21.204166666666666,8.804166666666667,76.16250000000001,101.6,48.7125,26.45833333333333,85.75,,,,,,,,,91.0,81.875,159.0,117.875,134.04166666666666,67.79166666666667,90.875,,,,,,,,
Mexico,Mexico City,19.4326,-99.1332,24.924002,10.474,17.130249,24.825415,9.642359,16.107489,0.0,22.79684,5.459183,20.054166666666667,13.8375,433.3333333333333,31.4625,18.82916666666667,62.375,2023-09-12,0,0,1,1,17.130249,18.755249,22.651083,22.394835,16.707335,17.334417,13.76775,14.388583,,,,,,,,16.107489,19.13288,19.209745,20.780313,15.007007,15.28368,11.733098,12.770397,,,,,,,,0.0,3.3999999,0.0,0.0,0.0,0.0,0.0,0.0,,,,,,,,22.79684,13.556282,30.472675,17.771753,21.129885,19.681828,11.177405,19.966211,,,,,,,,20.054166666666667,37.19583333333333,18.0875,50.0375,50.925,44.00416666666666,49.60833333333333,45.3625,,,,,,,,13.8375,25.34583333333333,12.416666666666666,34.72083333333333,35.35,30.704166666666666,34.57083333333333,31.641666666666666,,,,,,,,433.3333333333333,656.125,709.1666666666666,846.5,1557.5416666666667,2226.5416666666665,3152.375,896.0,,,,,,,,31.4625,49.26666666666667,24.329166666666666,27.21666666666667,55.31666666666666,68.2,68.61666666666666,36.6875,,,,,,,,18.82916666666667,21.204166666666666,8.804166666666667,76.16250000000001,101.6,48.7125,26.45833333333333,85.75,,,,,,,,62.375,91.0,81.875,159.0,117.875,134.04166666666666,67.79166666666667,90.875,,,,,,,
Mexico,Mexico City,19.4326,-99.1332,25.174002,11.874,17.161497,25.410603,11.527542,17.362225,6.1,14.81259,4.8554425,29.391666666666666,20.4875,633.6666666666666,30.64583333333333,37.575,54.29166666666666,2023-09-20,0,0,1,1,17.161497,17.130249,18.755249,22.651083,22.394835,16.707335,17.334417,13.76775,14.388583,,,,,,,17.362225,16.107489,19.13288,19.209745,20.780313,15.007007,15.28368,11.733098,12.770397,,,,,,,6.1,0.0,3.3999999,0.0,0.0,0.0,0.0,0.0,0.0,,,,,,,14.81259,22.79684,13.556282,30.472675,17.771753,21.129885,19.681828,11.177405,19.966211,,,,,,,29.391666666666666,20.054166666666667,37.19583333333333,18.0875,50.0375,50.925,44.00416666666666,49.60833333333333,45.3625,,,,,,,20.4875,13.8375,25.34583333333333,12.416666666666666,34.72083333333333,35.35,30.704166666666666,34.57083333333333,31.641666666666666,,,,,,,633.6666666666666,433.3333333333333,656.125,709.1666666666666,846.5,1557.5416666666667,2226.5416666666665,3152.375,896.0,,,,,,,30.64583333333333,31.4625,49.26666666666667,24.329166666666666,27.21666666666667,55.31666666666666,68.2,68.61666666666666,36.6875,,,,,,,37.575,18.82916666666667,21.204166666666666,8.804166666666667,76.16250000000001,101.6,48.7125,26.45833333333333,85.75,,,,,,,54.29166666666666,62.375,91.0,81.875,159.0,117.875,134.04166666666666,67.79166666666667,90.875,,,,,,
Mexico,Mexico City,19.4326,-99.1332,27.024,12.674,18.517748,25.714859,12.053585,18.352598,4.1,15.876775,4.852398,11.429166666666667,7.779166666666666,223.16666666666663,19.45833333333333,12.5375,54.91666666666666,2023-10-06,0,0,1,1,18.517748,17.161497,17.130249,18.755249,22.651083,22.394835,16.707335,17.334417,13.76775,14.388583,,,,,,18.352598,17.362225,16.107489,19.13288,19.209745,20.780313,15.007007,15.28368,11.733098,12.770397,,,,,,4.1,6.1,0.0,3.3999999,0.0,0.0,0.0,0.0,0.0,0.0,,,,,,15.876775,14.81259,22.79684,13.556282,30.472675,17.771753,21.129885,19.681828,11.177405,19.966211,,,,,,11.429166666666667,29.391666666666666,20.054166666666667,37.19583333333333,18.0875,50.0375,50.925,44.00416666666666,49.60833333333333,45.3625,,,,,,7.779166666666666,20.4875,13.8375,25.34583333333333,12.416666666666666,34.72083333333333,35.35,30.704166666666666,34.57083333333333,31.641666666666666,,,,,,223.16666666666663,633.6666666666666,433.3333333333333,656.125,709.1666666666666,846.5,1557.5416666666667,2226.5416666666665,3152.375,896.0,,,,,,19.45833333333333,30.64583333333333,31.4625,49.26666666666667,24.329166666666666,27.21666666666667,55.31666666666666,68.2,68.61666666666666,36.6875,,,,,,12.5375,37.575,18.82916666666667,21.204166666666666,8.804166666666667,76.16250000000001,101.6,48.7125,26.45833333333333,85.75,,,,,,54.91666666666666,54.29166666666666,62.375,91.0,81.875,159.0,117.875,134.04166666666666,67.79166666666667,90.875,,,,,
Mexico,Mexico City,19.4326,-99.1332,23.374,8.374,14.34275,22.38372,6.4840193,12.176372,0.0,28.412645,3.875697,22.679166666666664,15.429166666666667,351.375,26.383333333333336,19.65,55.91666666666666,2023-11-01,0,0,1,1,14.34275,18.517748,17.161497,17.130249,18.755249,22.651083,22.394835,16.707335,17.334417,13.76775,14.388583,,,,,12.176372,18.352598,17.362225,16.107489,19.13288,19.209745,20.780313,15.007007,15.28368,11.733098,12.770397,,,,,0.0,4.1,6.1,0.0,3.3999999,0.0,0.0,0.0,0.0,0.0,0.0,,,,,28.412645,15.876775,14.81259,22.79684,13.556282,30.472675,17.771753,21.129885,19.681828,11.177405,19.966211,,,,,22.679166666666664,11.429166666666667,29.391666666666666,20.054166666666667,37.19583333333333,18.0875,50.0375,50.925,44.00416666666666,49.60833333333333,45.3625,,,,,15.429166666666667,7.779166666666666,20.4875,13.8375,25.34583333333333,12.416666666666666,34.72083333333333,35.35,30.704166666666666,34.57083333333333,31.641666666666666,,,,,351.375,223.16666666666663,633.6666666666666,433.3333333333333,656.125,709.1666666666666,846.5,1557.5416666666667,2226.5416666666665,3152.375,896.0,,,,,26.383333333333336,19.45833333333333,30.64583333333333,31.4625,49.26666666666667,24.329166666666666,27.21666666666667,55.31666666666666,68.2,68.61666666666666,36.6875,,,,,19.65,12.5375,37.575,18.82916666666667,21.204166666666666,8.804166666666667,76.16250000000001,101.6,48.7125,26.45833333333333,85.75,,,,,55.91666666666666,54.91666666666666,54.29166666666666,62.375,91.0,81.875,159.0,117.875,134.04166666666666,67.79166666666667,90.875,,,,
Mexico,Mexico City,19.4326,-99.1332,27.724,9.374,16.846914,26.459614,8.291451,15.397949,0.0,26.903828,4.4119787,30.620833333333334,20.829166666666666,461.75,30.329166666666666,28.0,60.91666666666666,2023-11-06,0,0,1,1,16.846914,14.34275,18.517748,17.161497,17.130249,18.755249,22.651083,22.394835,16.707335,17.334417,13.76775,14.388583,,,,15.397949,12.176372,18.352598,17.362225,16.107489,19.13288,19.209745,20.780313,15.007007,15.28368,11.733098,12.770397,,,,0.0,0.0,4.1,6.1,0.0,3.3999999,0.0,0.0,0.0,0.0,0.0,0.0,,,,26.903828,28.412645,15.876775,14.81259,22.79684,13.556282,30.472675,17.771753,21.129885,19.681828,11.177405,19.966211,,,,30.620833333333334,22.679166666666664,11.429166666666667,29.391666666666666,20.054166666666667,37.19583333333333,18.0875,50.0375,50.925,44.00416666666666,49.60833333333333,45.3625,,,,20.829166666666666,15.429166666666667,7.779166666666666,20.4875,13.8375,25.34583333333333,12.416666666666666,34.72083333333333,35.35,30.704166666666666,34.57083333333333,31.641666666666666,,,,461.75,351.375,223.16666666666663,633.6666666666666,433.3333333333333,656.125,709.1666666666666,846.5,1557.5416666666667,2226.5416666666665,3152.375,896.0,,,,30.329166666666666,26.383333333333336,19.45833333333333,30.64583333333333,31.4625,49.26666666666667,24.329166666666666,27.21666666666667,55.31666666666666,68.2,68.61666666666666,36.6875,,,,28.0,19.65,12.5375,37.575,18.82916666666667,21.204166666666666,8.804166666666667,76.16250000000001,101.6,48.7125,26.45833333333333,85.75,,,,60.91666666666666,55.91666666666666,54.91666666666666,54.29166666666666,62.375,91.0,81.875,159.0,117.875,134.04166666666666,67.79166666666667,90.875,,,
Mexico,Mexico City,19.4326,-99.1332,28.324001,10.724,19.284414,27.761135,9.565813,17.958551,0.0,21.09305,4.6218786,34.21666666666667,23.266666666666666,538.5833333333334,36.10416666666666,30.725,63.04166666666666,2023-11-07,0,1,0,1,19.284414,16.846914,14.34275,18.517748,17.161497,17.130249,18.755249,22.651083,22.394835,16.707335,17.334417,13.76775,14.388583,,,17.958551,15.397949,12.176372,18.352598,17.362225,16.107489,19.13288,19.209745,20.780313,15.007007,15.28368,11.733098,12.770397,,,0.0,0.0,0.0,4.1,6.1,0.0,3.3999999,0.0,0.0,0.0,0.0,0.0,0.0,,,21.09305,26.903828,28.412645,15.876775,14.81259,22.79684,13.556282,30.472675,17.771753,21.129885,19.681828,11.177405,19.966211,,,34.21666666666667,30.620833333333334,22.679166666666664,11.429166666666667,29.391666666666666,20.054166666666667,37.19583333333333,18.0875,50.0375,50.925,44.00416666666666,49.60833333333333,45.3625,,,23.266666666666666,20.829166666666666,15.429166666666667,7.779166666666666,20.4875,13.8375,25.34583333333333,12.416666666666666,34.72083333333333,35.35,30.704166666666666,34.57083333333333,31.641666666666666,,,538.5833333333334,461.75,351.375,223.16666666666663,633.6666666666666,433.3333333333333,656.125,709.1666666666666,846.5,1557.5416666666667,2226.5416666666665,3152.375,896.0,,,36.10416666666666,30.329166666666666,26.383333333333336,19.45833333333333,30.64583333333333,31.4625,49.26666666666667,24.329166666666666,27.21666666666667,55.31666666666666,68.2,68.61666666666666,36.6875,,,30.725,28.0,19.65,12.5375,37.575,18.82916666666667,21.204166666666666,8.804166666666667,76.16250000000001,101.6,48.7125,26.45833333333333,85.75,,,63.04166666666666,60.91666666666666,55.91666666666666,54.91666666666666,54.29166666666666,62.375,91.0,81.875,159.0,117.875,134.04166666666666,67.79166666666667,90.875,,
Mexico,Mexico City,19.4326,-99.1332,21.824001,10.274,14.782333,20.816124,9.269878,13.621541,0.1,18.089775,2.771067,25.5375,17.6375,384.5416666666667,31.241666666666664,22.72083333333333,41.79166666666666,2023-11-28,0,0,1,1,14.782333,19.284414,16.846914,14.34275,18.517748,17.161497,17.130249,18.755249,22.651083,22.394835,16.707335,17.334417,13.76775,14.388583,,13.621541,17.958551,15.397949,12.176372,18.352598,17.362225,16.107489,19.13288,19.209745,20.780313,15.007007,15.28368,11.733098,12.770397,,0.1,0.0,0.0,0.0,4.1,6.1,0.0,3.3999999,0.0,0.0,0.0,0.0,0.0,0.0,,18.089775,21.09305,26.903828,28.412645,15.876775,14.81259,22.79684,13.556282,30.472675,17.771753,21.129885,19.681828,11.177405,19.966211,,25.5375,34.21666666666667,30.620833333333334,22.679166666666664,11.429166666666667,29.391666666666666,20.054166666666667,37.19583333333333,18.0875,50.0375,50.925,44.00416666666666,49.60833333333333,45.3625,,17.6375,23.266666666666666,20.829166666666666,15.429166666666667,7.779166666666666,20.4875,13.8375,25.34583333333333,12.416666666666666,34.72083333333333,35.35,30.704166666666666,34.57083333333333,31.641666666666666,,384.5416666666667,538.5833333333334,461.75,351.375,223.16666666666663,633.6666666666666,433.3333333333333,656.125,709.1666666666666,846.5,1557.5416666666667,2226.5416666666665,3152.375,896.0,,31.241666666666664,36.10416666666666,30.329166666666666,26.383333333333336,19.45833333333333,30.64583333333333,31.4625,49.26666666666667,24.329166666666666,27.21666666666667,55.31666666666666,68.2,68.61666666666666,36.6875,,22.72083333333333,30.725,28.0,19.65,12.5375,37.575,18.82916666666667,21.204166666666666,8.804166666666667,76.16250000000001,101.6,48.7125,26.45833333333333,85.75,,41.79166666666666,63.04166666666666,60.91666666666666,55.91666666666666,54.91666666666666,54.29166666666666,62.375,91.0,81.875,159.0,117.875,134.04166666666666,67.79166666666667,90.875,
Mexico,Mexico City,19.4326,-99.1332,23.224,7.974,15.101083,22.310894,6.6754627,14.083835,0.3,7.928178,3.1889415,27.6375,19.1875,601.5416666666666,44.36666666666667,24.1375,44.41666666666666,2023-11-30,0,1,0,1,15.101083,14.782333,19.284414,16.846914,14.34275,18.517748,17.161497,17.130249,18.755249,22.651083,22.394835,16.707335,17.334417,13.76775,14.388583,14.083835,13.621541,17.958551,15.397949,12.176372,18.352598,17.362225,16.107489,19.13288,19.209745,20.780313,15.007007,15.28368,11.733098,12.770397,0.3,0.1,0.0,0.0,0.0,4.1,6.1,0.0,3.3999999,0.0,0.0,0.0,0.0,0.0,0.0,7.928178,18.089775,21.09305,26.903828,28.412645,15.876775,14.81259,22.79684,13.556282,30.472675,17.771753,21.129885,19.681828,11.177405,19.966211,27.6375,25.5375,34.21666666666667,30.620833333333334,22.679166666666664,11.429166666666667,29.391666666666666,20.054166666666667,37.19583333333333,18.0875,50.0375,50.925,44.00416666666666,49.60833333333333,45.3625,19.1875,17.6375,23.266666666666666,20.829166666666666,15.429166666666667,7.779166666666666,20.4875,13.8375,25.34583333333333,12.416666666666666,34.72083333333333,35.35,30.704166666666666,34.57083333333333,31.641666666666666,601.5416666666666,384.5416666666667,538.5833333333334,461.75,351.375,223.16666666666663,633.6666666666666,433.3333333333333,656.125,709.1666666666666,846.5,1557.5416666666667,2226.5416666666665,3152.375,896.0,44.36666666666667,31.241666666666664,36.10416666666666,30.329166666666666,26.383333333333336,19.45833333333333,30.64583333333333,31.4625,49.26666666666667,24.329166666666666,27.21666666666667,55.31666666666666,68.2,68.61666666666666,36.6875,24.1375,22.72083333333333,30.725,28.0,19.65,12.5375,37.575,18.82916666666667,21.204166666666666,8.804166666666667,76.16250000000001,101.6,48.7125,26.45833333333333,85.75,44.41666666666666,41.79166666666666,63.04166666666666,60.91666666666666,55.91666666666666,54.91666666666666,54.29166666666666,62.375,91.0,81.875,159.0,117.875,134.04166666666666,67.79166666666667,90.875
Mexico,Mexico City,19.4326,-99.1332,23.824001,8.124,15.038582,22.025362,6.6351995,13.572705,0.0,19.228851,3.4162464,19.10833333333333,13.2125,452.7083333333333,36.95,19.4375,43.208333333333336,2023-12-01,0,0,1,1,15.038582,15.101083,14.782333,19.284414,16.846914,14.34275,18.517748,17.161497,17.130249,18.755249,22.651083,22.394835,16.707335,17.334417,13.76775,13.572705,14.083835,13.621541,17.958551,15.397949,12.176372,18.352598,17.362225,16.107489,19.13288,19.209745,20.780313,15.007007,15.28368,11.733098,0.0,0.3,0.1,0.0,0.0,0.0,4.1,6.1,0.0,3.3999999,0.0,0.0,0.0,0.0,0.0,19.228851,7.928178,18.089775,21.09305,26.903828,28.412645,15.876775,14.81259,22.79684,13.556282,30.472675,17.771753,21.129885,19.681828,11.177405,19.10833333333333,27.6375,25.5375,34.21666666666667,30.620833333333334,22.679166666666664,11.429166666666667,29.391666666666666,20.054166666666667,37.19583333333333,18.0875,50.0375,50.925,44.00416666666666,49.60833333333333,13.2125,19.1875,17.6375,23.266666666666666,20.829166666666666,15.429166666666667,7.779166666666666,20.4875,13.8375,25.34583333333333,12.416666666666666,34.72083333333333,35.35,30.704166666666666,34.57083333333333,452.7083333333333,601.5416666666666,384.5416666666667,538.5833333333334,461.75,351.375,223.16666666666663,633.6666666666666,433.3333333333333,656.125,709.1666666666666,846.5,1557.5416666666667,2226.5416666666665,3152.375,36.95,44.36666666666667,31.241666666666664,36.10416666666666,30.329166666666666,26.383333333333336,19.45833333333333,30.64583333333333,31.4625,49.26666666666667,24.329166666666666,27.21666666666667,55.31666666666666,68.2,68.61666666666666,19.4375,24.1375,22.72083333333333,30.725,28.0,19.65,12.5375,37.575,18.82916666666667,21.204166666666666,8.804166666666667,76.16250000000001,101.6,48.7125,26.45833333333333,43.208333333333336,44.41666666666666,41.79166666666666,63.04166666666666,60.91666666666666,55.91666666666666,54.91666666666666,54.29166666666666,62.375,91.0,81.875,159.0,117.875,134.04166666666666,67.79166666666667
Mexico,Mexico City,19.4326,-99.1332,20.724,7.774,13.109417,19.010773,6.4856377,12.136249,1.0,14.440443,2.952304,31.1625,21.6625,560.75,46.875,32.891666666666666,41.875,2023-12-08,0,0,1,1,13.109417,15.038582,15.101083,14.782333,19.284414,16.846914,14.34275,18.517748,17.161497,17.130249,18.755249,22.651083,22.394835,16.707335,17.334417,12.136249,13.572705,14.083835,13.621541,17.958551,15.397949,12.176372,18.352598,17.362225,16.107489,19.13288,19.209745,20.780313,15.007007,15.28368,1.0,0.0,0.3,0.1,0.0,0.0,0.0,4.1,6.1,0.0,3.3999999,0.0,0.0,0.0,0.0,14.440443,19.228851,7.928178,18.089775,21.09305,26.903828,28.412645,15.876775,14.81259,22.79684,13.556282,30.472675,17.771753,21.129885,19.681828,31.1625,19.10833333333333,27.6375,25.5375,34.21666666666667,30.620833333333334,22.679166666666664,11.429166666666667,29.391666666666666,20.054166666666667,37.19583333333333,18.0875,50.0375,50.925,44.00416666666666,21.6625,13.2125,19.1875,17.6375,23.266666666666666,20.829166666666666,15.429166666666667,7.779166666666666,20.4875,13.8375,25.34583333333333,12.416666666666666,34.72083333333333,35.35,30.704166666666666,560.75,452.7083333333333,601.5416666666666,384.5416666666667,538.5833333333334,461.75,351.375,223.16666666666663,633.6666666666666,433.3333333333333,656.125,709.1666666666666,846.5,1557.5416666666667,2226.5416666666665,46.875,36.95,44.36666666666667,31.241666666666664,36.10416666666666,30.329166666666666,26.383333333333336,19.45833333333333,30.64583333333333,31.4625,49.26666666666667,24.329166666666666,27.21666666666667,55.31666666666666,68.2,32.891666666666666,19.4375,24.1375,22.72083333333333,30.725,28.0,19.65,12.5375,37.575,18.82916666666667,21.204166666666666,8.804166666666667,76.16250000000001,101.6,48.7125,41.875,43.208333333333336,44.41666666666666,41.79166666666666,63.04166666666666,60.91666666666666,55.91666666666666,54.91666666666666,54.29166666666666,62.375,91.0,81.875,159.0,117.875,134.04166666666666
Mexico,Mexico City,19.4326,-99.1332,19.174002,10.224,13.461499,17.379818,9.720501,12.30857,0.1,17.309973,2.392243,36.4625,18.54583333333333,497.4583333333333,40.458333333333336,34.78333333333333,35.333333333333336,2023-12-14,1,0,0,1,13.461499,13.109417,15.038582,15.101083,14.782333,19.284414,16.846914,14.34275,18.517748,17.161497,17.130249,18.755249,22.651083,22.394835,16.707335,12.30857,12.136249,13.572705,14.083835,13.621541,17.958551,15.397949,12.176372,18.352598,17.362225,16.107489,19.13288,19.209745,20.780313,15.007007,0.1,1.0,0.0,0.3,0.1,0.0,0.0,0.0,4.1,6.1,0.0,3.3999999,0.0,0.0,0.0,17.309973,14.440443,19.228851,7.928178,18.089775,21.09305,26.903828,28.412645,15.876775,14.81259,22.79684,13.556282,30.472675,17.771753,21.129885,36.4625,31.1625,19.10833333333333,27.6375,25.5375,34.21666666666667,30.620833333333334,22.679166666666664,11.429166666666667,29.391666666666666,20.054166666666667,37.19583333333333,18.0875,50.0375,50.925,18.54583333333333,21.6625,13.2125,19.1875,17.6375,23.266666666666666,20.829166666666666,15.429166666666667,7.779166666666666,20.4875,13.8375,25.34583333333333,12.416666666666666,34.72083333333333,35.35,497.4583333333333,560.75,452.7083333333333,601.5416666666666,384.5416666666667,538.5833333333334,461.75,351.375,223.16666666666663,633.6666666666666,433.3333333333333,656.125,709.1666666666666,846.5,1557.5416666666667,40.458333333333336,46.875,36.95,44.36666666666667,31.241666666666664,36.10416666666666,30.329166666666666,26.383333333333336,19.45833333333333,30.64583333333333,31.4625,49.26666666666667,24.329166666666666,27.21666666666667,55.31666666666666,34.78333333333333,32.891666666666666,19.4375,24.1375,22.72083333333333,30.725,28.0,19.65,12.5375,37.575,18.82916666666667,21.204166666666666,8.804166666666667,76.16250000000001,101.6,35.333333333333336,41.875,43.208333333333336,44.41666666666666,41.79166666666666,63.04166666666666,60.91666666666666,55.91666666666666,54.91666666666666,54.29166666666666,62.375,91.0,81.875,159.0,117.875
Mexico,Mexico City,19.4326,-99.1332,18.174002,10.174,13.609416,17.328661,10.0094595,12.851902,4.5999994,7.69592,2.349029,17.970833333333335,12.495833333333335,368.5,33.666666666666664,27.454166666666666,40.625,2023-12-16,0,0,1,1,13.609416,13.461499,13.109417,15.038582,15.101083,14.782333,19.284414,16.846914,14.34275,18.517748,17.161497,17.130249,18.755249,22.651083,22.394835,12.851902,12.30857,12.136249,13.572705,14.083835,13.621541,17.958551,15.397949,12.176372,18.352598,17.362225,16.107489,19.13288,19.209745,20.780313,4.5999994,0.1,1.0,0.0,0.3,0.1,0.0,0.0,0.0,4.1,6.1,0.0,3.3999999,0.0,0.0,7.69592,17.309973,14.440443,19.228851,7.928178,18.089775,21.09305,26.903828,28.412645,15.876775,14.81259,22.79684,13.556282,30.472675,17.771753,17.970833333333335,36.4625,31.1625,19.10833333333333,27.6375,25.5375,34.21666666666667,30.620833333333334,22.679166666666664,11.429166666666667,29.391666666666666,20.054166666666667,37.19583333333333,18.0875,50.0375,12.495833333333335,18.54583333333333,21.6625,13.2125,19.1875,17.6375,23.266666666666666,20.829166666666666,15.429166666666667,7.779166666666666,20.4875,13.8375,25.34583333333333,12.416666666666666,34.72083333333333,368.5,497.4583333333333,560.75,452.7083333333333,601.5416666666666,384.5416666666667,538.5833333333334,461.75,351.375,223.16666666666663,633.6666666666666,433.3333333333333,656.125,709.1666666666666,846.5,33.666666666666664,40.458333333333336,46.875,36.95,44.36666666666667,31.241666666666664,36.10416666666666,30.329166666666666,26.383333333333336,19.45833333333333,30.64583333333333,31.4625,49.26666666666667,24.329166666666666,27.21666666666667,27.454166666666666,34.78333333333333,32.891666666666666,19.4375,24.1375,22.72083333333333,30.725,28.0,19.65,12.5375,37.575,18.82916666666667,21.204166666666666,8.804166666666667,76.16250000000001,40.625,35.333333333333336,41.875,43.208333333333336,44.41666666666666,41.79166666666666,63.04166666666666,60.91666666666666,55.91666666666666,54.91666666666666,54.29166666666666,62.375,91.0,81.875,159.0
Mexico,Mexico City,19.4326,-99.1332,22.874,3.074,12.192749,19.967184,0.0470953,9.420401,0.0,14.934577,3.78179,34.833333333333336,24.183333333333334,557.8333333333334,46.925,40.875,67.625,2023-12-21,0,0,1,1,12.192749,13.609416,13.461499,13.109417,15.038582,15.101083,14.782333,19.284414,16.846914,14.34275,18.517748,17.161497,17.130249,18.755249,22.651083,9.420401,12.851902,12.30857,12.136249,13.572705,14.083835,13.621541,17.958551,15.397949,12.176372,18.352598,17.362225,16.107489,19.13288,19.209745,0.0,4.5999994,0.1,1.0,0.0,0.3,0.1,0.0,0.0,0.0,4.1,6.1,0.0,3.3999999,0.0,14.934577,7.69592,17.309973,14.440443,19.228851,7.928178,18.089775,21.09305,26.903828,28.412645,15.876775,14.81259,22.79684,13.556282,30.472675,34.833333333333336,17.970833333333335,36.4625,31.1625,19.10833333333333,27.6375,25.5375,34.21666666666667,30.620833333333334,22.679166666666664,11.429166666666667,29.391666666666666,20.054166666666667,37.19583333333333,18.0875,24.183333333333334,12.495833333333335,18.54583333333333,21.6625,13.2125,19.1875,17.6375,23.266666666666666,20.829166666666666,15.429166666666667,7.779166666666666,20.4875,13.8375,25.34583333333333,12.416666666666666,557.8333333333334,368.5,497.4583333333333,560.75,452.7083333333333,601.5416666666666,384.5416666666667,538.5833333333334,461.75,351.375,223.16666666666663,633.6666666666666,433.3333333333333,656.125,709.1666666666666,46.925,33.666666666666664,40.458333333333336,46.875,36.95,44.36666666666667,31.241666666666664,36.10416666666666,30.329166666666666,26.383333333333336,19.45833333333333,30.64583333333333,31.4625,49.26666666666667,24.329166666666666,40.875,27.454166666666666,34.78333333333333,32.891666666666666,19.4375,24.1375,22.72083333333333,30.725,28.0,19.65,12.5375,37.575,18.82916666666667,21.204166666666666,8.804166666666667,67.625,40.625,35.333333333333336,41.875,43.208333333333336,44.41666666666666,41.79166666666666,63.04166666666666,60.91666666666666,55.91666666666666,54.91666666666666,54.29166666666666,62.375,91.0,81.875
Mexico,Mexico City,19.4326,-99.1332,19.774,7.974,13.473999,17.267485,6.442416,11.586121,0.0,19.406637,2.340709,26.4625,18.266666666666666,581.2916666666666,44.18333333333334,30.64583333333333,31.33333333333333,2023-12-26,0,0,1,1,13.473999,12.192749,13.609416,13.461499,13.109417,15.038582,15.101083,14.782333,19.284414,16.846914,14.34275,18.517748,17.161497,17.130249,18.755249,11.586121,9.420401,12.851902,12.30857,12.136249,13.572705,14.083835,13.621541,17.958551,15.397949,12.176372,18.352598,17.362225,16.107489,19.13288,0.0,0.0,4.5999994,0.1,1.0,0.0,0.3,0.1,0.0,0.0,0.0,4.1,6.1,0.0,3.3999999,19.406637,14.934577,7.69592,17.309973,14.440443,19.228851,7.928178,18.089775,21.09305,26.903828,28.412645,15.876775,14.81259,22.79684,13.556282,26.4625,34.833333333333336,17.970833333333335,36.4625,31.1625,19.10833333333333,27.6375,25.5375,34.21666666666667,30.620833333333334,22.679166666666664,11.429166666666667,29.391666666666666,20.054166666666667,37.19583333333333,18.266666666666666,24.183333333333334,12.495833333333335,18.54583333333333,21.6625,13.2125,19.1875,17.6375,23.266666666666666,20.829166666666666,15.429166666666667,7.779166666666666,20.4875,13.8375,25.34583333333333,581.2916666666666,557.8333333333334,368.5,497.4583333333333,560.75,452.7083333333333,601.5416666666666,384.5416666666667,538.5833333333334,461.75,351.375,223.16666666666663,633.6666666666666,433.3333333333333,656.125,44.18333333333334,46.925,33.666666666666664,40.458333333333336,46.875,36.95,44.36666666666667,31.241666666666664,36.10416666666666,30.329166666666666,26.383333333333336,19.45833333333333,30.64583333333333,31.4625,49.26666666666667,30.64583333333333,40.875,27.454166666666666,34.78333333333333,32.891666666666666,19.4375,24.1375,22.72083333333333,30.725,28.0,19.65,12.5375,37.575,18.82916666666667,21.204166666666666,31.33333333333333,67.625,40.625,35.333333333333336,41.875,43.208333333333336,44.41666666666666,41.79166666666666,63.04166666666666,60.91666666666666,55.91666666666666,54.91666666666666,54.29166666666666,62.375,91.0
Mexico,Mexico City,19.4326,-99.1332,19.774,1.624,9.186501,17.194803,-0.97839093,6.827147,0.0,19.107151,3.3456295,29.45,20.495833333333334,710.9166666666666,36.0125,33.4,50.708333333333336,2023-12-28,0,0,1,1,9.186501,13.473999,12.192749,13.609416,13.461499,13.109417,15.038582,15.101083,14.782333,19.284414,16.846914,14.34275,18.517748,17.161497,17.130249,6.827147,11.586121,9.420401,12.851902,12.30857,12.136249,13.572705,14.083835,13.621541,17.958551,15.397949,12.176372,18.352598,17.362225,16.107489,0.0,0.0,0.0,4.5999994,0.1,1.0,0.0,0.3,0.1,0.0,0.0,0.0,4.1,6.1,0.0,19.107151,19.406637,14.934577,7.69592,17.309973,14.440443,19.228851,7.928178,18.089775,21.09305,26.903828,28.412645,15.876775,14.81259,22.79684,29.45,26.4625,34.833333333333336,17.970833333333335,36.4625,31.1625,19.10833333333333,27.6375,25.5375,34.21666666666667,30.620833333333334,22.679166666666664,11.429166666666667,29.391666666666666,20.054166666666667,20.495833333333334,18.266666666666666,24.183333333333334,12.495833333333335,18.54583333333333,21.6625,13.2125,19.1875,17.6375,23.266666666666666,20.829166666666666,15.429166666666667,7.779166666666666,20.4875,13.8375,710.9166666666666,581.2916666666666,557.8333333333334,368.5,497.4583333333333,560.75,452.7083333333333,601.5416666666666,384.5416666666667,538.5833333333334,461.75,351.375,223.16666666666663,633.6666666666666,433.3333333333333,36.0125,44.18333333333334,46.925,33.666666666666664,40.458333333333336,46.875,36.95,44.36666666666667,31.241666666666664,36.10416666666666,30.329166666666666,26.383333333333336,19.45833333333333,30.64583333333333,31.4625,33.4,30.64583333333333,40.875,27.454166666666666,34.78333333333333,32.891666666666666,19.4375,24.1375,22.72083333333333,30.725,28.0,19.65,12.5375,37.575,18.82916666666667,50.708333333333336,31.33333333333333,67.625,40.625,35.333333333333336,41.875,43.208333333333336,44.41666666666666,41.79166666666666,63.04166666666666,60.91666666666666,55.91666666666666,54.91666666666666,54.29166666666666,62.375
Mexico,Mexico City,19.4326,-99.1332,19.374,2.424,10.096917,16.622204,-0.30061555,7.4487453,0.0,17.654688,3.3835945,27.65833333333333,19.216666666666665,658.7916666666666,49.2125,31.22083333333333,62.54166666666666,2023-12-29,0,2,0,2,10.096917,9.186501,13.473999,12.192749,13.609416,13.461499,13.109417,15.038582,15.101083,14.782333,19.284414,16.846914,14.34275,18.517748,17.161497,7.4487453,6.827147,11.586121,9.420401,12.851902,12.30857,12.136249,13.572705,14.083835,13.621541,17.958551,15.397949,12.176372,18.352598,17.362225,0.0,0.0,0.0,0.0,4.5999994,0.1,1.0,0.0,0.3,0.1,0.0,0.0,0.0,4.1,6.1,17.654688,19.107151,19.406637,14.934577,7.69592,17.309973,14.440443,19.228851,7.928178,18.089775,21.09305,26.903828,28.412645,15.876775,14.81259,27.65833333333333,29.45,26.4625,34.833333333333336,17.970833333333335,36.4625,31.1625,19.10833333333333,27.6375,25.5375,34.21666666666667,30.620833333333334,22.679166666666664,11.429166666666667,29.391666666666666,19.216666666666665,20.495833333333334,18.266666666666666,24.183333333333334,12.495833333333335,18.54583333333333,21.6625,13.2125,19.1875,17.6375,23.266666666666666,20.829166666666666,15.429166666666667,7.779166666666666,20.4875,658.7916666666666,710.9166666666666,581.2916666666666,557.8333333333334,368.5,497.4583333333333,560.75,452.7083333333333,601.5416666666666,384.5416666666667,538.5833333333334,461.75,351.375,223.16666666666663,633.6666666666666,49.2125,36.0125,44.18333333333334,46.925,33.666666666666664,40.458333333333336,46.875,36.95,44.36666666666667,31.241666666666664,36.10416666666666,30.329166666666666,26.383333333333336,19.45833333333333,30.64583333333333,31.22083333333333,33.4,30.64583333333333,40.875,27.454166666666666,34.78333333333333,32.891666666666666,19.4375,24.1375,22.72083333333333,30.725,28.0,19.65,12.5375,37.575,62.54166666666666,50.708333333333336,31.33333333333333,67.625,40.625,35.333333333333336,41.875,43.208333333333336,44.41666666666666,41.79166666666666,63.04166666666666,60.91666666666666,55.91666666666666,54.91666666666666,54.29166666666666
Mexico,Mexico City,19.4326,-99.1332,18.874,3.474,9.8615,16.441933,1.1539373,7.3719,0.0,21.897945,3.3074467,24.2125,16.845833333333335,508.4583333333333,34.516666666666666,28.95,65.875,2023-12-30,3,5,8,16,9.8615,10.096917,9.186501,13.473999,12.192749,13.609416,13.461499,13.109417,15.038582,15.101083,14.782333,19.284414,16.846914,14.34275,18.517748,7.3719,7.4487453,6.827147,11.586121,9.420401,12.851902,12.30857,12.136249,13.572705,14.083835,13.621541,17.958551,15.397949,12.176372,18.352598,0.0,0.0,0.0,0.0,0.0,4.5999994,0.1,1.0,0.0,0.3,0.1,0.0,0.0,0.0,4.1,21.897945,17.654688,19.107151,19.406637,14.934577,7.69592,17.309973,14.440443,19.228851,7.928178,18.089775,21.09305,26.903828,28.412645,15.876775,24.2125,27.65833333333333,29.45,26.4625,34.833333333333336,17.970833333333335,36.4625,31.1625,19.10833333333333,27.6375,25.5375,34.21666666666667,30.620833333333334,22.679166666666664,11.429166666666667,16.845833333333335,19.216666666666665,20.495833333333334,18.266666666666666,24.183333333333334,12.495833333333335,18.54583333333333,21.6625,13.2125,19.1875,17.6375,23.266666666666666,20.829166666666666,15.429166666666667,7.779166666666666,508.4583333333333,658.7916666666666,710.9166666666666,581.2916666666666,557.8333333333334,368.5,497.4583333333333,560.75,452.7083333333333,601.5416666666666,384.5416666666667,538.5833333333334,461.75,351.375,223.16666666666663,34.516666666666666,49.2125,36.0125,44.18333333333334,46.925,33.666666666666664,40.458333333333336,46.875,36.95,44.36666666666667,31.241666666666664,36.10416666666666,30.329166666666666,26.383333333333336,19.45833333333333,28.95,31.22083333333333,33.4,30.64583333333333,40.875,27.454166666666666,34.78333333333333,32.891666666666666,19.4375,24.1375,22.72083333333333,30.725,28.0,19.65,12.5375,65.875,62.54166666666666,50.708333333333336,31.33333333333333,67.625,40.625,35.333333333333336,41.875,43.208333333333336,44.41666666666666,41.79166666666666,63.04166666666666,60.91666666666666,55.91666666666666,54.91666666666666
Mexico,Mexico City,19.4326,-99.1332,21.874,5.224,12.190667,19.369915,3.3460298,9.840484,0.0,14.904173,3.6911166,33.94166666666667,23.541666666666668,762.5,51.73333333333333,37.19166666666667,67.625,2023-12-31,28,76,124,228,12.190667,9.8615,10.096917,9.186501,13.473999,12.192749,13.609416,13.461499,13.109417,15.038582,15.101083,14.782333,19.284414,16.846914,14.34275,9.840484,7.3719,7.4487453,6.827147,11.586121,9.420401,12.851902,12.30857,12.136249,13.572705,14.083835,13.621541,17.958551,15.397949,12.176372,0.0,0.0,0.0,0.0,0.0,0.0,4.5999994,0.1,1.0,0.0,0.3,0.1,0.0,0.0,0.0,14.904173,21.897945,17.654688,19.107151,19.406637,14.934577,7.69592,17.309973,14.440443,19.228851,7.928178,18.089775,21.09305,26.903828,28.412645,33.94166666666667,24.2125,27.65833333333333,29.45,26.4625,34.833333333333336,17.970833333333335,36.4625,31.1625,19.10833333333333,27.6375,25.5375,34.21666666666667,30.620833333333334,22.679166666666664,23.541666666666668,16.845833333333335,19.216666666666665,20.495833333333334,18.266666666666666,24.183333333333334,12.495833333333335,18.54583333333333,21.6625,13.2125,19.1875,17.6375,23.266666666666666,20.829166666666666,15.429166666666667,762.5,508.4583333333333,658.7916666666666,710.9166666666666,581.2916666666666,557.8333333333334,368.5,497.4583333333333,560.75,452.7083333333333,601.5416666666666,384.5416666666667,538.5833333333334,461.75,351.375,51.73333333333333,34.516666666666666,49.2125,36.0125,44.18333333333334,46.925,33.666666666666664,40.458333333333336,46.875,36.95,44.36666666666667,31.241666666666664,36.10416666666666,30.329166666666666,26.383333333333336,37.19166666666667,28.95,31.22083333333333,33.4,30.64583333333333,40.875,27.454166666666666,34.78333333333333,32.891666666666666,19.4375,24.1375,22.72083333333333,30.725,28.0,19.65,67.625,65.875,62.54166666666666,50.708333333333336,31.33333333333333,67.625,40.625,35.333333333333336,41.875,43.208333333333336,44.41666666666666,41.79166666666666,63.04166666666666,60.91666666666666,55.91666666666666
Mexico,Mexico City,19.4326,-99.1332,22.224,5.724,13.278167,19.312128,3.1331367,10.595296,0.0,16.923828,3.8692343,35.354166666666664,24.39583333333333,802.375,51.07083333333333,37.05416666666667,73.95833333333333,2024-01-01,34,78,159,271,13.278167,12.190667,9.8615,10.096917,9.186501,13.473999,12.192749,13.609416,13.461499,13.109417,15.038582,15.101083,14.782333,19.284414,16.846914,10.595296,9.840484,7.3719,7.4487453,6.827147,11.586121,9.420401,12.851902,12.30857,12.136249,13.572705,14.083835,13.621541,17.958551,15.397949,0.0,0.0,0.0,0.0,0.0,0.0,0.0,4.5999994,0.1,1.0,0.0,0.3,0.1,0.0,0.0,16.923828,14.904173,21.897945,17.654688,19.107151,19.406637,14.934577,7.69592,17.309973,14.440443,19.228851,7.928178,18.089775,21.09305,26.903828,35.354166666666664,33.94166666666667,24.2125,27.65833333333333,29.45,26.4625,34.833333333333336,17.970833333333335,36.4625,31.1625,19.10833333333333,27.6375,25.5375,34.21666666666667,30.620833333333334,24.39583333333333,23.541666666666668,16.845833333333335,19.216666666666665,20.495833333333334,18.266666666666666,24.183333333333334,12.495833333333335,18.54583333333333,21.6625,13.2125,19.1875,17.6375,23.266666666666666,20.829166666666666,802.375,762.5,508.4583333333333,658.7916666666666,710.9166666666666,581.2916666666666,557.8333333333334,368.5,497.4583333333333,560.75,452.7083333333333,601.5416666666666,384.5416666666667,538.5833333333334,461.75,51.07083333333333,51.73333333333333,34.516666666666666,49.2125,36.0125,44.18333333333334,46.925,33.666666666666664,40.458333333333336,46.875,36.95,44.36666666666667,31.241666666666664,36.10416666666666,30.329166666666666,37.05416666666667,37.19166666666667,28.95,31.22083333333333,33.4,30.64583333333333,40.875,27.454166666666666,34.78333333333333,32.891666666666666,19.4375,24.1375,22.72083333333333,30.725,28.0,73.95833333333333,67.625,65.875,62.54166666666666,50.708333333333336,31.33333333333333,67.625,40.625,35.333333333333336,41.875,43.208333333333336,44.41666666666666,41.79166666666666,63.04166666666666,60.91666666666666
Mexico,Mexico City,19.4326,-99.1332,22.224,6.374,14.019833,19.400164,4.8643723,11.801009,0.0,18.218275,3.5553164,39.97083333333333,27.704166666666666,756.75,61.05833333333334,38.0125,76.20833333333333,2024-01-02,46,95,153,294,14.019833,13.278167,12.190667,9.8615,10.096917,9.186501,13.473999,12.192749,13.609416,13.461499,13.109417,15.038582,15.101083,14.782333,19.284414,11.801009,10.595296,9.840484,7.3719,7.4487453,6.827147,11.586121,9.420401,12.851902,12.30857,12.136249,13.572705,14.083835,13.621541,17.958551,0.0,0.0,0.0,0.0,0.0,0.0,0.0,0.0,4.5999994,0.1,1.0,0.0,0.3,0.1,0.0,18.218275,16.923828,14.904173,21.897945,17.654688,19.107151,19.406637,14.934577,7.69592,17.309973,14.440443,19.228851,7.928178,18.089775,21.09305,39.97083333333333,35.354166666666664,33.94166666666667,24.2125,27.65833333333333,29.45,26.4625,34.833333333333336,17.970833333333335,36.4625,31.1625,19.10833333333333,27.6375,25.5375,34.21666666666667,27.704166666666666,24.39583333333333,23.541666666666668,16.845833333333335,19.216666666666665,20.495833333333334,18.266666666666666,24.183333333333334,12.495833333333335,18.54583333333333,21.6625,13.2125,19.1875,17.6375,23.266666666666666,756.75,802.375,762.5,508.4583333333333,658.7916666666666,710.9166666666666,581.2916666666666,557.8333333333334,368.5,497.4583333333333,560.75,452.7083333333333,601.5416666666666,384.5416666666667,538.5833333333334,61.05833333333334,51.07083333333333,51.73333333333333,34.516666666666666,49.2125,36.0125,44.18333333333334,46.925,33.666666666666664,40.458333333333336,46.875,36.95,44.36666666666667,31.241666666666664,36.10416666666666,38.0125,37.05416666666667,37.19166666666667,28.95,31.22083333333333,33.4,30.64583333333333,40.875,27.454166666666666,34.78333333333333,32.891666666666666,19.4375,24.1375,22.72083333333333,30.725,76.20833333333333,73.95833333333333,67.625,65.875,62.54166666666666,50.708333333333336,31.33333333333333,67.625,40.625,35.333333333333336,41.875,43.208333333333336,44.41666666666666,41.79166666666666,63.04166666666666
Mexico,Mexico City,19.4326,-99.1332,23.974,9.274,15.084416,21.799839,7.009795,12.644997,0.0,24.569836,3.9915767,26.02083333333333,17.841666666666665,550.25,42.7125,28.541666666666668,58.75,2024-01-03,44,82,179,305,15.084416,14.019833,13.278167,12.190667,9.8615,10.096917,9.186501,13.473999,12.192749,13.609416,13.461499,13.109417,15.038582,15.101083,14.782333,12.644997,11.801009,10.595296,9.840484,7.3719,7.4487453,6.827147,11.586121,9.420401,12.851902,12.30857,12.136249,13.572705,14.083835,13.621541,0.0,0.0,0.0,0.0,0.0,0.0,0.0,0.0,0.0,4.5999994,0.1,1.0,0.0,0.3,0.1,24.569836,18.218275,16.923828,14.904173,21.897945,17.654688,19.107151,19.406637,14.934577,7.69592,17.309973,14.440443,19.228851,7.928178,18.089775,26.02083333333333,39.97083333333333,35.354166666666664,33.94166666666667,24.2125,27.65833333333333,29.45,26.4625,34.833333333333336,17.970833333333335,36.4625,31.1625,19.10833333333333,27.6375,25.5375,17.841666666666665,27.704166666666666,24.39583333333333,23.541666666666668,16.845833333333335,19.216666666666665,20.495833333333334,18.266666666666666,24.183333333333334,12.495833333333335,18.54583333333333,21.6625,13.2125,19.1875,17.6375,550.25,756.75,802.375,762.5,508.4583333333333,658.7916666666666,710.9166666666666,581.2916666666666,557.8333333333334,368.5,497.4583333333333,560.75,452.7083333333333,601.5416666666666,384.5416666666667,42.7125,61.05833333333334,51.07083333333333,51.73333333333333,34.516666666666666,49.2125,36.0125,44.18333333333334,46.925,33.666666666666664,40.458333333333336,46.875,36.95,44.36666666666667,31.241666666666664,28.541666666666668,38.0125,37.05416666666667,37.19166666666667,28.95,31.22083333333333,33.4,30.64583333333333,40.875,27.454166666666666,34.78333333333333,32.891666666666666,19.4375,24.1375,22.72083333333333,58.75,76.20833333333333,73.95833333333333,67.625,65.875,62.54166666666666,50.708333333333336,31.33333333333333,67.625,40.625,35.333333333333336,41.875,43.208333333333336,44.41666666666666,41.79166666666666
Mexico,Mexico City,19.4326,-99.1332,24.824001,4.424,13.640666,21.472723,1.7694168,10.666725,0.0,21.068459,4.331445,19.933333333333334,13.795833333333334,529.0,43.575,26.929166666666664,51.958333333333336,2024-01-04,40,92,161,293,13.640666,15.084416,14.019833,13.278167,12.190667,9.8615,10.096917,9.186501,13.473999,12.192749,13.609416,13.461499,13.109417,15.038582,15.101083,10.666725,12.644997,11.801009,10.595296,9.840484,7.3719,7.4487453,6.827147,11.586121,9.420401,12.851902,12.30857,12.136249,13.572705,14.083835,0.0,0.0,0.0,0.0,0.0,0.0,0.0,0.0,0.0,0.0,4.5999994,0.1,1.0,0.0,0.3,21.068459,24.569836,18.218275,16.923828,14.904173,21.897945,17.654688,19.107151,19.406637,14.934577,7.69592,17.309973,14.440443,19.228851,7.928178,19.933333333333334,26.02083333333333,39.97083333333333,35.354166666666664,33.94166666666667,24.2125,27.65833333333333,29.45,26.4625,34.833333333333336,17.970833333333335,36.4625,31.1625,19.10833333333333,27.6375,13.795833333333334,17.841666666666665,27.704166666666666,24.39583333333333,23.541666666666668,16.845833333333335,19.216666666666665,20.495833333333334,18.266666666666666,24.183333333333334,12.495833333333335,18.54583333333333,21.6625,13.2125,19.1875,529.0,550.25,756.75,802.375,762.5,508.4583333333333,658.7916666666666,710.9166666666666,581.2916666666666,557.8333333333334,368.5,497.4583333333333,560.75,452.7083333333333,601.5416666666666,43.575,42.7125,61.05833333333334,51.07083333333333,51.73333333333333,34.516666666666666,49.2125,36.0125,44.18333333333334,46.925,33.666666666666664,40.458333333333336,46.875,36.95,44.36666666666667,26.929166666666664,28.541666666666668,38.0125,37.05416666666667,37.19166666666667,28.95,31.22083333333333,33.4,30.64583333333333,40.875,27.454166666666666,34.78333333333333,32.891666666666666,19.4375,24.1375,51.958333333333336,58.75,76.20833333333333,73.95833333333333,67.625,65.875,62.54166666666666,50.708333333333336,31.33333333333333,67.625,40.625,35.333333333333336,41.875,43.208333333333336,44.41666666666666
Mexico,Mexico City,19.4326,-99.1332,23.124,4.824,13.598999,20.6248,1.894011,10.682884,0.0,19.681828,4.1322913,13.979166666666666,9.641666666666667,369.9583333333333,29.558333333333334,20.291666666666668,48.458333333333336,2024-01-05,50,81,164,295,13.598999,13.640666,15.084416,14.019833,13.278167,12.190667,9.8615,10.096917,9.186501,13.473999,12.192749,13.609416,13.461499,13.109417,15.038582,10.682884,10.666725,12.644997,11.801009,10.595296,9.840484,7.3719,7.4487453,6.827147,11.586121,9.420401,12.851902,12.30857,12.136249,13.572705,0.0,0.0,0.0,0.0,0.0,0.0,0.0,0.0,0.0,0.0,0.0,4.5999994,0.1,1.0,0.0,19.681828,21.068459,24.569836,18.218275,16.923828,14.904173,21.897945,17.654688,19.107151,19.406637,14.934577,7.69592,17.309973,14.440443,19.228851,13.979166666666666,19.933333333333334,26.02083333333333,39.97083333333333,35.354166666666664,33.94166666666667,24.2125,27.65833333333333,29.45,26.4625,34.833333333333336,17.970833333333335,36.4625,31.1625,19.10833333333333,9.641666666666667,13.795833333333334,17.841666666666665,27.704166666666666,24.39583333333333,23.541666666666668,16.845833333333335,19.216666666666665,20.495833333333334,18.266666666666666,24.183333333333334,12.495833333333335,18.54583333333333,21.6625,13.2125,369.9583333333333,529.0,550.25,756.75,802.375,762.5,508.4583333333333,658.7916666666666,710.9166666666666,581.2916666666666,557.8333333333334,368.5,497.4583333333333,560.75,452.7083333333333,29.558333333333334,43.575,42.7125,61.05833333333334,51.07083333333333,51.73333333333333,34.516666666666666,49.2125,36.0125,44.18333333333334,46.925,33.666666666666664,40.458333333333336,46.875,36.95,20.291666666666668,26.929166666666664,28.541666666666668,38.0125,37.05416666666667,37.19166666666667,28.95,31.22083333333333,33.4,30.64583333333333,40.875,27.454166666666666,34.78333333333333,32.891666666666666,19.4375,48.458333333333336,51.958333333333336,58.75,76.20833333333333,73.95833333333333,67.625,65.875,62.54166666666666,50.708333333333336,31.33333333333333,67.625,40.625,35.333333333333336,41.875,43.208333333333336
Mexico,Mexico City,19.4326,-99.1332,24.024,3.974,13.01775,22.834597,1.2305632,10.275844,0.0,19.64558,4.0626507,15.479166666666666,10.720833333333331,420.0,30.516666666666666,22.5,41.41666666666666,2024-01-06,39,63,148,250,13.01775,13.598999,13.640666,15.084416,14.019833,13.278167,12.190667,9.8615,10.096917,9.186501,13.473999,12.192749,13.609416,13.461499,13.109417,10.275844,10.682884,10.666725,12.644997,11.801009,10.595296,9.840484,7.3719,7.4487453,6.827147,11.586121,9.420401,12.851902,12.30857,12.136249,0.0,0.0,0.0,0.0,0.0,0.0,0.0,0.0,0.0,0.0,0.0,0.0,4.5999994,0.1,1.0,19.64558,19.681828,21.068459,24.569836,18.218275,16.923828,14.904173,21.897945,17.654688,19.107151,19.406637,14.934577,7.69592,17.309973,14.440443,15.479166666666666,13.979166666666666,19.933333333333334,26.02083333333333,39.97083333333333,35.354166666666664,33.94166666666667,24.2125,27.65833333333333,29.45,26.4625,34.833333333333336,17.970833333333335,36.4625,31.1625,10.720833333333331,9.641666666666667,13.795833333333334,17.841666666666665,27.704166666666666,24.39583333333333,23.541666666666668,16.845833333333335,19.216666666666665,20.495833333333334,18.266666666666666,24.183333333333334,12.495833333333335,18.54583333333333,21.6625,420.0,369.9583333333333,529.0,550.25,756.75,802.375,762.5,508.4583333333333,658.7916666666666,710.9166666666666,581.2916666666666,557.8333333333334,368.5,497.4583333333333,560.75,30.516666666666666,29.558333333333334,43.575,42.7125,61.05833333333334,51.07083333333333,51.73333333333333,34.516666666666666,49.2125,36.0125,44.18333333333334,46.925,33.666666666666664,40.458333333333336,46.875,22.5,20.291666666666668,26.929166666666664,28.541666666666668,38.0125,37.05416666666667,37.19166666666667,28.95,31.22083333333333,33.4,30.64583333333333,40.875,27.454166666666666,34.78333333333333,32.891666666666666,41.41666666666666,48.458333333333336,51.958333333333336,58.75,76.20833333333333,73.95833333333333,67.625,65.875,62.54166666666666,50.708333333333336,31.33333333333333,67.625,40.625,35.333333333333336,41.875
Mexico,Mexico City,19.4326,-99.1332,22.524,8.524,14.438584,19.509335,6.07178,11.937992,0.0,20.730501,2.9935982,24.825,17.208333333333332,762.5,40.47916666666666,32.62083333333333,39.41666666666666,2024-01-07,30,73,143,246,14.438584,13.01775,13.598999,13.640666,15.084416,14.019833,13.278167,12.190667,9.8615,10.096917,9.186501,13.473999,12.192749,13.609416,13.461499,11.937992,10.275844,10.682884,10.666725,12.644997,11.801009,10.595296,9.840484,7.3719,7.4487453,6.827147,11.586121,9.420401,12.851902,12.30857,0.0,0.0,0.0,0.0,0.0,0.0,0.0,0.0,0.0,0.0,0.0,0.0,0.0,4.5999994,0.1,20.730501,19.64558,19.681828,21.068459,24.569836,18.218275,16.923828,14.904173,21.897945,17.654688,19.107151,19.406637,14.934577,7.69592,17.309973,24.825,15.479166666666666,13.979166666666666,19.933333333333334,26.02083333333333,39.97083333333333,35.354166666666664,33.94166666666667,24.2125,27.65833333333333,29.45,26.4625,34.833333333333336,17.970833333333335,36.4625,17.208333333333332,10.720833333333331,9.641666666666667,13.795833333333334,17.841666666666665,27.704166666666666,24.39583333333333,23.541666666666668,16.845833333333335,19.216666666666665,20.495833333333334,18.266666666666666,24.183333333333334,12.495833333333335,18.54583333333333,762.5,420.0,369.9583333333333,529.0,550.25,756.75,802.375,762.5,508.4583333333333,658.7916666666666,710.9166666666666,581.2916666666666,557.8333333333334,368.5,497.4583333333333,40.47916666666666,30.516666666666666,29.558333333333334,43.575,42.7125,61.05833333333334,51.07083333333333,51.73333333333333,34.516666666666666,49.2125,36.0125,44.18333333333334,46.925,33.666666666666664,40.458333333333336,32.62083333333333,22.5,20.291666666666668,26.929166666666664,28.541666666666668,38.0125,37.05416666666667,37.19166666666667,28.95,31.22083333333333,33.4,30.64583333333333,40.875,27.454166666666666,34.78333333333333,39.41666666666666,41.41666666666666,48.458333333333336,51.958333333333336,58.75,76.20833333333333,73.95833333333333,67.625,65.875,62.54166666666666,50.708333333333336,31.33333333333333,67.625,40.625,35.333333333333336
Mexico,Mexico City,19.4326,-99.1332,24.374,7.774,15.196916,20.634573,5.7950583,12.614726,0.0,24.33664,3.7615693,17.599999999999998,11.933333333333332,387.7916666666667,30.1625,19.8875,35.791666666666664,2024-01-08,35,70,161,266,15.196916,14.438584,13.01775,13.598999,13.640666,15.084416,14.019833,13.278167,12.190667,9.8615,10.096917,9.186501,13.473999,12.192749,13.609416,12.614726,11.937992,10.275844,10.682884,10.666725,12.644997,11.801009,10.595296,9.840484,7.3719,7.4487453,6.827147,11.586121,9.420401,12.851902,0.0,0.0,0.0,0.0,0.0,0.0,0.0,0.0,0.0,0.0,0.0,0.0,0.0,0.0,4.5999994,24.33664,20.730501,19.64558,19.681828,21.068459,24.569836,18.218275,16.923828,14.904173,21.897945,17.654688,19.107151,19.406637,14.934577,7.69592,17.599999999999998,24.825,15.479166666666666,13.979166666666666,19.933333333333334,26.02083333333333,39.97083333333333,35.354166666666664,33.94166666666667,24.2125,27.65833333333333,29.45,26.4625,34.833333333333336,17.970833333333335,11.933333333333332,17.208333333333332,10.720833333333331,9.641666666666667,13.795833333333334,17.841666666666665,27.704166666666666,24.39583333333333,23.541666666666668,16.845833333333335,19.216666666666665,20.495833333333334,18.266666666666666,24.183333333333334,12.495833333333335,387.7916666666667,762.5,420.0,369.9583333333333,529.0,550.25,756.75,802.375,762.5,508.4583333333333,658.7916666666666,710.9166666666666,581.2916666666666,557.8333333333334,368.5,30.1625,40.47916666666666,30.516666666666666,29.558333333333334,43.575,42.7125,61.05833333333334,51.07083333333333,51.73333333333333,34.516666666666666,49.2125,36.0125,44.18333333333334,46.925,33.666666666666664,19.8875,32.62083333333333,22.5,20.291666666666668,26.929166666666664,28.541666666666668,38.0125,37.05416666666667,37.19166666666667,28.95,31.22083333333333,33.4,30.64583333333333,40.875,27.454166666666666,35.791666666666664,39.41666666666666,41.41666666666666,48.458333333333336,51.958333333333336,58.75,76.20833333333333,73.95833333333333,67.625,65.875,62.54166666666666,50.708333333333336,31.33333333333333,67.625,40.625
Mexico,Mexico City,19.4326,-99.1332,23.424002,6.574,14.186501,20.779476,4.206235,11.744099,0.0,22.691425,3.7046003,16.841666666666665,11.433333333333332,400.1666666666667,28.0125,23.90833333333333,41.91666666666666,2024-01-09,33,84,145,262,14.186501,15.196916,14.438584,13.01775,13.598999,13.640666,15.084416,14.019833,13.278167,12.190667,9.8615,10.096917,9.186501,13.473999,12.192749,11.744099,12.614726,11.937992,10.275844,10.682884,10.666725,12.644997,11.801009,10.595296,9.840484,7.3719,7.4487453,6.827147,11.586121,9.420401,0.0,0.0,0.0,0.0,0.0,0.0,0.0,0.0,0.0,0.0,0.0,0.0,0.0,0.0,0.0,22.691425,24.33664,20.730501,19.64558,19.681828,21.068459,24.569836,18.218275,16.923828,14.904173,21.897945,17.654688,19.107151,19.406637,14.934577,16.841666666666665,17.599999999999998,24.825,15.479166666666666,13.979166666666666,19.933333333333334,26.02083333333333,39.97083333333333,35.354166666666664,33.94166666666667,24.2125,27.65833333333333,29.45,26.4625,34.833333333333336,11.433333333333332,11.933333333333332,17.208333333333332,10.720833333333331,9.641666666666667,13.795833333333334,17.841666666666665,27.704166666666666,24.39583333333333,23.541666666666668,16.845833333333335,19.216666666666665,20.495833333333334,18.266666666666666,24.183333333333334,400.1666666666667,387.7916666666667,762.5,420.0,369.9583333333333,529.0,550.25,756.75,802.375,762.5,508.4583333333333,658.7916666666666,710.9166666666666,581.2916666666666,557.8333333333334,28.0125,30.1625,40.47916666666666,30.516666666666666,29.558333333333334,43.575,42.7125,61.05833333333334,51.07083333333333,51.73333333333333,34.516666666666666,49.2125,36.0125,44.18333333333334,46.925,23.90833333333333,19.8875,32.62083333333333,22.5,20.291666666666668,26.929166666666664,28.541666666666668,38.0125,37.05416666666667,37.19166666666667,28.95,31.22083333333333,33.4,30.64583333333333,40.875,41.91666666666666,35.791666666666664,39.41666666666666,41.41666666666666,48.458333333333336,51.958333333333336,58.75,76.20833333333333,73.95833333333333,67.625,65.875,62.54166666666666,50.708333333333336,31.33333333333333,67.625
Mexico,Mexico City,19.4326,-99.1332,24.774,5.074,14.167748,21.471058,1.4585762,10.911817,0.0,15.175612,4.3085403,22.133333333333336,14.891666666666666,461.9166666666667,34.8625,23.07083333333333,45.125,2024-01-10,31,80,150,261,14.167748,14.186501,15.196916,14.438584,13.01775,13.598999,13.640666,15.084416,14.019833,13.278167,12.190667,9.8615,10.096917,9.186501,13.473999,10.911817,11.744099,12.614726,11.937992,10.275844,10.682884,10.666725,12.644997,11.801009,10.595296,9.840484,7.3719,7.4487453,6.827147,11.586121,0.0,0.0,0.0,0.0,0.0,0.0,0.0,0.0,0.0,0.0,0.0,0.0,0.0,0.0,0.0,15.175612,22.691425,24.33664,20.730501,19.64558,19.681828,21.068459,24.569836,18.218275,16.923828,14.904173,21.897945,17.654688,19.107151,19.406637,22.133333333333336,16.841666666666665,17.599999999999998,24.825,15.479166666666666,13.979166666666666,19.933333333333334,26.02083333333333,39.97083333333333,35.354166666666664,33.94166666666667,24.2125,27.65833333333333,29.45,26.4625,14.891666666666666,11.433333333333332,11.933333333333332,17.208333333333332,10.720833333333331,9.641666666666667,13.795833333333334,17.841666666666665,27.704166666666666,24.39583333333333,23.541666666666668,16.845833333333335,19.216666666666665,20.495833333333334,18.266666666666666,461.9166666666667,400.1666666666667,387.7916666666667,762.5,420.0,369.9583333333333,529.0,550.25,756.75,802.375,762.5,508.4583333333333,658.7916666666666,710.9166666666666,581.2916666666666,34.8625,28.0125,30.1625,40.47916666666666,30.516666666666666,29.558333333333334,43.575,42.7125,61.05833333333334,51.07083333333333,51.73333333333333,34.516666666666666,49.2125,36.0125,44.18333333333334,23.07083333333333,23.90833333333333,19.8875,32.62083333333333,22.5,20.291666666666668,26.929166666666664,28.541666666666668,38.0125,37.05416666666667,37.19166666666667,28.95,31.22083333333333,33.4,30.64583333333333,45.125,41.91666666666666,35.791666666666664,39.41666666666666,41.41666666666666,48.458333333333336,51.958333333333336,58.75,76.20833333333333,73.95833333333333,67.625,65.875,62.54166666666666,50.708333333333336,31.33333333333333
Mexico,Mexico City,19.4326,-99.1332,25.774,6.374,14.705249,23.402636,3.300282,11.6447115,0.0,20.456745,4.2609506,19.183333333333334,13.154166666666669,515.6666666666666,34.27916666666667,27.02083333333333,39.5,2024-01-11,36,77,119,232,14.705249,14.167748,14.186501,15.196916,14.438584,13.01775,13.598999,13.640666,15.084416,14.019833,13.278167,12.190667,9.8615,10.096917,9.186501,11.6447115,10.911817,11.744099,12.614726,11.937992,10.275844,10.682884,10.666725,12.644997,11.801009,10.595296,9.840484,7.3719,7.4487453,6.827147,0.0,0.0,0.0,0.0,0.0,0.0,0.0,0.0,0.0,0.0,0.0,0.0,0.0,0.0,0.0,20.456745,15.175612,22.691425,24.33664,20.730501,19.64558,19.681828,21.068459,24.569836,18.218275,16.923828,14.904173,21.897945,17.654688,19.107151,19.183333333333334,22.133333333333336,16.841666666666665,17.599999999999998,24.825,15.479166666666666,13.979166666666666,19.933333333333334,26.02083333333333,39.97083333333333,35.354166666666664,33.94166666666667,24.2125,27.65833333333333,29.45,13.154166666666669,14.891666666666666,11.433333333333332,11.933333333333332,17.208333333333332,10.720833333333331,9.641666666666667,13.795833333333334,17.841666666666665,27.704166666666666,24.39583333333333,23.541666666666668,16.845833333333335,19.216666666666665,20.495833333333334,515.6666666666666,461.9166666666667,400.1666666666667,387.7916666666667,762.5,420.0,369.9583333333333,529.0,550.25,756.75,802.375,762.5,508.4583333333333,658.7916666666666,710.9166666666666,34.27916666666667,34.8625,28.0125,30.1625,40.47916666666666,30.516666666666666,29.558333333333334,43.575,42.7125,61.05833333333334,51.07083333333333,51.73333333333333,34.516666666666666,49.2125,36.0125,27.02083333333333,23.07083333333333,23.90833333333333,19.8875,32.62083333333333,22.5,20.291666666666668,26.929166666666664,28.541666666666668,38.0125,37.05416666666667,37.19166666666667,28.95,31.22083333333333,33.4,39.5,45.125,41.91666666666666,35.791666666666664,39.41666666666666,41.41666666666666,48.458333333333336,51.958333333333336,58.75,76.20833333333333,73.95833333333333,67.625,65.875,62.54166666666666,50.708333333333336
Mexico,Mexico City,19.4326,-99.1332,27.524,6.774,15.673999,25.067844,3.7089925,12.604366,0.0,19.09358,4.465143,19.279166666666665,13.079166666666666,483.7916666666667,34.53333333333333,27.016666666666666,48.708333333333336,2024-01-12,40,73,170,283,15.673999,14.705249,14.167748,14.186501,15.196916,14.438584,13.01775,13.598999,13.640666,15.084416,14.019833,13.278167,12.190667,9.8615,10.096917,12.604366,11.6447115,10.911817,11.744099,12.614726,11.937992,10.275844,10.682884,10.666725,12.644997,11.801009,10.595296,9.840484,7.3719,7.4487453,0.0,0.0,0.0,0.0,0.0,0.0,0.0,0.0,0.0,0.0,0.0,0.0,0.0,0.0,0.0,19.09358,20.456745,15.175612,22.691425,24.33664,20.730501,19.64558,19.681828,21.068459,24.569836,18.218275,16.923828,14.904173,21.897945,17.654688,19.279166666666665,19.183333333333334,22.133333333333336,16.841666666666665,17.599999999999998,24.825,15.479166666666666,13.979166666666666,19.933333333333334,26.02083333333333,39.97083333333333,35.354166666666664,33.94166666666667,24.2125,27.65833333333333,13.079166666666666,13.154166666666669,14.891666666666666,11.433333333333332,11.933333333333332,17.208333333333332,10.720833333333331,9.641666666666667,13.795833333333334,17.841666666666665,27.704166666666666,24.39583333333333,23.541666666666668,16.845833333333335,19.216666666666665,483.7916666666667,515.6666666666666,461.9166666666667,400.1666666666667,387.7916666666667,762.5,420.0,369.9583333333333,529.0,550.25,756.75,802.375,762.5,508.4583333333333,658.7916666666666,34.53333333333333,34.27916666666667,34.8625,28.0125,30.1625,40.47916666666666,30.516666666666666,29.558333333333334,43.575,42.7125,61.05833333333334,51.07083333333333,51.73333333333333,34.516666666666666,49.2125,27.016666666666666,27.02083333333333,23.07083333333333,23.90833333333333,19.8875,32.62083333333333,22.5,20.291666666666668,26.929166666666664,28.541666666666668,38.0125,37.05416666666667,37.19166666666667,28.95,31.22083333333333,48.708333333333336,39.5,45.125,41.91666666666666,35.791666666666664,39.41666666666666,41.41666666666666,48.458333333333336,51.958333333333336,58.75,76.20833333333333,73.95833333333333,67.625,65.875,62.54166666666666
Mexico,Mexico City,19.4326,-99.1332,25.174002,7.524,16.463583,22.204048,4.8155375,13.657702,0.0,20.12461,3.5188477,23.579166666666666,16.054166666666667,584.0416666666666,42.11666666666667,29.254166666666663,38.083333333333336,2024-01-13,43,74,153,270,16.463583,15.673999,14.705249,14.167748,14.186501,15.196916,14.438584,13.01775,13.598999,13.640666,15.084416,14.019833,13.278167,12.190667,9.8615,13.657702,12.604366,11.6447115,10.911817,11.744099,12.614726,11.937992,10.275844,10.682884,10.666725,12.644997,11.801009,10.595296,9.840484,7.3719,0.0,0.0,0.0,0.0,0.0,0.0,0.0,0.0,0.0,0.0,0.0,0.0,0.0,0.0,0.0,20.12461,19.09358,20.456745,15.175612,22.691425,24.33664,20.730501,19.64558,19.681828,21.068459,24.569836,18.218275,16.923828,14.904173,21.897945,23.579166666666666,19.279166666666665,19.183333333333334,22.133333333333336,16.841666666666665,17.599999999999998,24.825,15.479166666666666,13.979166666666666,19.933333333333334,26.02083333333333,39.97083333333333,35.354166666666664,33.94166666666667,24.2125,16.054166666666667,13.079166666666666,13.154166666666669,14.891666666666666,11.433333333333332,11.933333333333332,17.208333333333332,10.720833333333331,9.641666666666667,13.795833333333334,17.841666666666665,27.704166666666666,24.39583333333333,23.541666666666668,16.845833333333335,584.0416666666666,483.7916666666667,515.6666666666666,461.9166666666667,400.1666666666667,387.7916666666667,762.5,420.0,369.9583333333333,529.0,550.25,756.75,802.375,762.5,508.4583333333333,42.11666666666667,34.53333333333333,34.27916666666667,34.8625,28.0125,30.1625,40.47916666666666,30.516666666666666,29.558333333333334,43.575,42.7125,61.05833333333334,51.07083333333333,51.73333333333333,34.516666666666666,29.254166666666663,27.016666666666666,27.02083333333333,23.07083333333333,23.90833333333333,19.8875,32.62083333333333,22.5,20.291666666666668,26.929166666666664,28.541666666666668,38.0125,37.05416666666667,37.19166666666667,28.95,38.083333333333336,48.708333333333336,39.5,45.125,41.91666666666666,35.791666666666664,39.41666666666666,41.41666666666666,48.458333333333336,51.958333333333336,58.75,76.20833333333333,73.95833333333333,67.625,65.875
Mexico,Mexico City,19.4326,-99.1332,24.824001,8.874,15.774001,21.266829,6.639345,13.376167,0.0,13.18308,3.392073,26.683333333333334,18.266666666666666,716.875,36.21666666666667,32.99583333333333,40.54166666666666,2024-01-14,32,75,151,258,15.774001,16.463583,15.673999,14.705249,14.167748,14.186501,15.196916,14.438584,13.01775,13.598999,13.640666,15.084416,14.019833,13.278167,12.190667,13.376167,13.657702,12.604366,11.6447115,10.911817,11.744099,12.614726,11.937992,10.275844,10.682884,10.666725,12.644997,11.801009,10.595296,9.840484,0.0,0.0,0.0,0.0,0.0,0.0,0.0,0.0,0.0,0.0,0.0,0.0,0.0,0.0,0.0,13.18308,20.12461,19.09358,20.456745,15.175612,22.691425,24.33664,20.730501,19.64558,19.681828,21.068459,24.569836,18.218275,16.923828,14.904173,26.683333333333334,23.579166666666666,19.279166666666665,19.183333333333334,22.133333333333336,16.841666666666665,17.599999999999998,24.825,15.479166666666666,13.979166666666666,19.933333333333334,26.02083333333333,39.97083333333333,35.354166666666664,33.94166666666667,18.266666666666666,16.054166666666667,13.079166666666666,13.154166666666669,14.891666666666666,11.433333333333332,11.933333333333332,17.208333333333332,10.720833333333331,9.641666666666667,13.795833333333334,17.841666666666665,27.704166666666666,24.39583333333333,23.541666666666668,716.875,584.0416666666666,483.7916666666667,515.6666666666666,461.9166666666667,400.1666666666667,387.7916666666667,762.5,420.0,369.9583333333333,529.0,550.25,756.75,802.375,762.5,36.21666666666667,42.11666666666667,34.53333333333333,34.27916666666667,34.8625,28.0125,30.1625,40.47916666666666,30.516666666666666,29.558333333333334,43.575,42.7125,61.05833333333334,51.07083333333333,51.73333333333333,32.99583333333333,29.254166666666663,27.016666666666666,27.02083333333333,23.07083333333333,23.90833333333333,19.8875,32.62083333333333,22.5,20.291666666666668,26.929166666666664,28.541666666666668,38.0125,37.05416666666667,37.19166666666667,40.54166666666666,38.083333333333336,48.708333333333336,39.5,45.125,41.91666666666666,35.791666666666664,39.41666666666666,41.41666666666666,48.458333333333336,51.958333333333336,58.75,76.20833333333333,73.95833333333333,67.625
Mexico,Mexico City,19.4326,-99.1332,26.124,6.774,16.015665,23.79508,3.815548,13.542546,0.0,18.193361,4.2968884,20.695833333333333,14.020833333333334,508.0833333333333,39.25833333333333,27.629166666666663,43.333333333333336,2024-01-15,37,75,154,266,16.015665,15.774001,16.463583,15.673999,14.705249,14.167748,14.186501,15.196916,14.438584,13.01775,13.598999,13.640666,15.084416,14.019833,13.278167,13.542546,13.376167,13.657702,12.604366,11.6447115,10.911817,11.744099,12.614726,11.937992,10.275844,10.682884,10.666725,12.644997,11.801009,10.595296,0.0,0.0,0.0,0.0,0.0,0.0,0.0,0.0,0.0,0.0,0.0,0.0,0.0,0.0,0.0,18.193361,13.18308,20.12461,19.09358,20.456745,15.175612,22.691425,24.33664,20.730501,19.64558,19.681828,21.068459,24.569836,18.218275,16.923828,20.695833333333333,26.683333333333334,23.579166666666666,19.279166666666665,19.183333333333334,22.133333333333336,16.841666666666665,17.599999999999998,24.825,15.479166666666666,13.979166666666666,19.933333333333334,26.02083333333333,39.97083333333333,35.354166666666664,14.020833333333334,18.266666666666666,16.054166666666667,13.079166666666666,13.154166666666669,14.891666666666666,11.433333333333332,11.933333333333332,17.208333333333332,10.720833333333331,9.641666666666667,13.795833333333334,17.841666666666665,27.704166666666666,24.39583333333333,508.0833333333333,716.875,584.0416666666666,483.7916666666667,515.6666666666666,461.9166666666667,400.1666666666667,387.7916666666667,762.5,420.0,369.9583333333333,529.0,550.25,756.75,802.375,39.25833333333333,36.21666666666667,42.11666666666667,34.53333333333333,34.27916666666667,34.8625,28.0125,30.1625,40.47916666666666,30.516666666666666,29.558333333333334,43.575,42.7125,61.05833333333334,51.07083333333333,27.629166666666663,32.99583333333333,29.254166666666663,27.016666666666666,27.02083333333333,23.07083333333333,23.90833333333333,19.8875,32.62083333333333,22.5,20.291666666666668,26.929166666666664,28.541666666666668,38.0125,37.05416666666667,43.333333333333336,40.54166666666666,38.083333333333336,48.708333333333336,39.5,45.125,41.91666666666666,35.791666666666664,39.41666666666666,41.41666666666666,48.458333333333336,51.958333333333336,58.75,76.20833333333333,73.95833333333333
Mexico,Mexico City,19.4326,-99.1332,26.274,10.124,17.090666,23.229628,7.497181,14.776696,0.0,13.084402,4.182966,32.42916666666667,22.2,897.9583333333334,50.2875,41.8625,56.66666666666666,2024-01-16,34,73,134,241,17.090666,16.015665,15.774001,16.463583,15.673999,14.705249,14.167748,14.186501,15.196916,14.438584,13.01775,13.598999,13.640666,15.084416,14.019833,14.776696,13.542546,13.376167,13.657702,12.604366,11.6447115,10.911817,11.744099,12.614726,11.937992,10.275844,10.682884,10.666725,12.644997,11.801009,0.0,0.0,0.0,0.0,0.0,0.0,0.0,0.0,0.0,0.0,0.0,0.0,0.0,0.0,0.0,13.084402,18.193361,13.18308,20.12461,19.09358,20.456745,15.175612,22.691425,24.33664,20.730501,19.64558,19.681828,21.068459,24.569836,18.218275,32.42916666666667,20.695833333333333,26.683333333333334,23.579166666666666,19.279166666666665,19.183333333333334,22.133333333333336,16.841666666666665,17.599999999999998,24.825,15.479166666666666,13.979166666666666,19.933333333333334,26.02083333333333,39.97083333333333,22.2,14.020833333333334,18.266666666666666,16.054166666666667,13.079166666666666,13.154166666666669,14.891666666666666,11.433333333333332,11.933333333333332,17.208333333333332,10.720833333333331,9.641666666666667,13.795833333333334,17.841666666666665,27.704166666666666,897.9583333333334,508.0833333333333,716.875,584.0416666666666,483.7916666666667,515.6666666666666,461.9166666666667,400.1666666666667,387.7916666666667,762.5,420.0,369.9583333333333,529.0,550.25,756.75,50.2875,39.25833333333333,36.21666666666667,42.11666666666667,34.53333333333333,34.27916666666667,34.8625,28.0125,30.1625,40.47916666666666,30.516666666666666,29.558333333333334,43.575,42.7125,61.05833333333334,41.8625,27.629166666666663,32.99583333333333,29.254166666666663,27.016666666666666,27.02083333333333,23.07083333333333,23.90833333333333,19.8875,32.62083333333333,22.5,20.291666666666668,26.929166666666664,28.541666666666668,38.0125,56.66666666666666,43.333333333333336,40.54166666666666,38.083333333333336,48.708333333333336,39.5,45.125,41.91666666666666,35.791666666666664,39.41666666666666,41.41666666666666,48.458333333333336,51.958333333333336,58.75,76.20833333333333
Mexico,Mexico City,19.4326,-99.1332,25.624,9.574,16.686499,23.25821,7.5209208,14.56535,0.0,16.676977,3.88342,30.975,21.4375,773.125,52.333333333333336,36.425,57.458333333333336,2024-01-17,37,64,165,266,16.686499,17.090666,16.015665,15.774001,16.463583,15.673999,14.705249,14.167748,14.186501,15.196916,14.438584,13.01775,13.598999,13.640666,15.084416,14.56535,14.776696,13.542546,13.376167,13.657702,12.604366,11.6447115,10.911817,11.744099,12.614726,11.937992,10.275844,10.682884,10.666725,12.644997,0.0,0.0,0.0,0.0,0.0,0.0,0.0,0.0,0.0,0.0,0.0,0.0,0.0,0.0,0.0,16.676977,13.084402,18.193361,13.18308,20.12461,19.09358,20.456745,15.175612,22.691425,24.33664,20.730501,19.64558,19.681828,21.068459,24.569836,30.975,32.42916666666667,20.695833333333333,26.683333333333334,23.579166666666666,19.279166666666665,19.183333333333334,22.133333333333336,16.841666666666665,17.599999999999998,24.825,15.479166666666666,13.979166666666666,19.933333333333334,26.02083333333333,21.4375,22.2,14.020833333333334,18.266666666666666,16.054166666666667,13.079166666666666,13.154166666666669,14.891666666666666,11.433333333333332,11.933333333333332,17.208333333333332,10.720833333333331,9.641666666666667,13.795833333333334,17.841666666666665,773.125,897.9583333333334,508.0833333333333,716.875,584.0416666666666,483.7916666666667,515.6666666666666,461.9166666666667,400.1666666666667,387.7916666666667,762.5,420.0,369.9583333333333,529.0,550.25,52.333333333333336,50.2875,39.25833333333333,36.21666666666667,42.11666666666667,34.53333333333333,34.27916666666667,34.8625,28.0125,30.1625,40.47916666666666,30.516666666666666,29.558333333333334,43.575,42.7125,36.425,41.8625,27.629166666666663,32.99583333333333,29.254166666666663,27.016666666666666,27.02083333333333,23.07083333333333,23.90833333333333,19.8875,32.62083333333333,22.5,20.291666666666668,26.929166666666664,28.541666666666668,57.458333333333336,56.66666666666666,43.333333333333336,40.54166666666666,38.083333333333336,48.708333333333336,39.5,45.125,41.91666666666666,35.791666666666664,39.41666666666666,41.41666666666666,48.458333333333336,51.958333333333336,58.75
Mexico,Mexico City,19.4326,-99.1332,24.974,10.674,17.348999,22.884155,9.75962,15.595151,0.0,20.12461,4.104225,34.02916666666667,23.366666666666664,825.875,45.80833333333334,37.90833333333333,43.333333333333336,2024-01-18,31,61,132,224,17.348999,16.686499,17.090666,16.015665,15.774001,16.463583,15.673999,14.705249,14.167748,14.186501,15.196916,14.438584,13.01775,13.598999,13.640666,15.595151,14.56535,14.776696,13.542546,13.376167,13.657702,12.604366,11.6447115,10.911817,11.744099,12.614726,11.937992,10.275844,10.682884,10.666725,0.0,0.0,0.0,0.0,0.0,0.0,0.0,0.0,0.0,0.0,0.0,0.0,0.0,0.0,0.0,20.12461,16.676977,13.084402,18.193361,13.18308,20.12461,19.09358,20.456745,15.175612,22.691425,24.33664,20.730501,19.64558,19.681828,21.068459,34.02916666666667,30.975,32.42916666666667,20.695833333333333,26.683333333333334,23.579166666666666,19.279166666666665,19.183333333333334,22.133333333333336,16.841666666666665,17.599999999999998,24.825,15.479166666666666,13.979166666666666,19.933333333333334,23.366666666666664,21.4375,22.2,14.020833333333334,18.266666666666666,16.054166666666667,13.079166666666666,13.154166666666669,14.891666666666666,11.433333333333332,11.933333333333332,17.208333333333332,10.720833333333331,9.641666666666667,13.795833333333334,825.875,773.125,897.9583333333334,508.0833333333333,716.875,584.0416666666666,483.7916666666667,515.6666666666666,461.9166666666667,400.1666666666667,387.7916666666667,762.5,420.0,369.9583333333333,529.0,45.80833333333334,52.333333333333336,50.2875,39.25833333333333,36.21666666666667,42.11666666666667,34.53333333333333,34.27916666666667,34.8625,28.0125,30.1625,40.47916666666666,30.516666666666666,29.558333333333334,43.575,37.90833333333333,36.425,41.8625,27.629166666666663,32.99583333333333,29.254166666666663,27.016666666666666,27.02083333333333,23.07083333333333,23.90833333333333,19.8875,32.62083333333333,22.5,20.291666666666668,26.929166666666664,43.333333333333336,57.458333333333336,56.66666666666666,43.333333333333336,40.54166666666666,38.083333333333336,48.708333333333336,39.5,45.125,41.91666666666666,35.791666666666664,39.41666666666666,41.41666666666666,48.458333333333336,51.958333333333336
Mexico,Mexico City,19.4326,-99.1332,23.674002,10.974,17.546919,20.813267,8.900699,14.762469,0.0,20.696087,3.5491874,37.12916666666667,24.6875,568.0,44.76666666666667,41.98333333333333,51.75,2024-01-19,28,65,122,215,17.546919,17.348999,16.686499,17.090666,16.015665,15.774001,16.463583,15.673999,14.705249,14.167748,14.186501,15.196916,14.438584,13.01775,13.598999,14.762469,15.595151,14.56535,14.776696,13.542546,13.376167,13.657702,12.604366,11.6447115,10.911817,11.744099,12.614726,11.937992,10.275844,10.682884,0.0,0.0,0.0,0.0,0.0,0.0,0.0,0.0,0.0,0.0,0.0,0.0,0.0,0.0,0.0,20.696087,20.12461,16.676977,13.084402,18.193361,13.18308,20.12461,19.09358,20.456745,15.175612,22.691425,24.33664,20.730501,19.64558,19.681828,37.12916666666667,34.02916666666667,30.975,32.42916666666667,20.695833333333333,26.683333333333334,23.579166666666666,19.279166666666665,19.183333333333334,22.133333333333336,16.841666666666665,17.599999999999998,24.825,15.479166666666666,13.979166666666666,24.6875,23.366666666666664,21.4375,22.2,14.020833333333334,18.266666666666666,16.054166666666667,13.079166666666666,13.154166666666669,14.891666666666666,11.433333333333332,11.933333333333332,17.208333333333332,10.720833333333331,9.641666666666667,568.0,825.875,773.125,897.9583333333334,508.0833333333333,716.875,584.0416666666666,483.7916666666667,515.6666666666666,461.9166666666667,400.1666666666667,387.7916666666667,762.5,420.0,369.9583333333333,44.76666666666667,45.80833333333334,52.333333333333336,50.2875,39.25833333333333,36.21666666666667,42.11666666666667,34.53333333333333,34.27916666666667,34.8625,28.0125,30.1625,40.47916666666666,30.516666666666666,29.558333333333334,41.98333333333333,37.90833333333333,36.425,41.8625,27.629166666666663,32.99583333333333,29.254166666666663,27.016666666666666,27.02083333333333,23.07083333333333,23.90833333333333,19.8875,32.62083333333333,22.5,20.291666666666668,51.75,43.333333333333336,57.458333333333336,56.66666666666666,43.333333333333336,40.54166666666666,38.083333333333336,48.708333333333336,39.5,45.125,41.91666666666666,35.791666666666664,39.41666666666666,41.41666666666666,48.458333333333336
Mexico,Mexico City,19.4326,-99.1332,20.924002,9.074,13.590665,15.6302395,6.8038845,10.690965,0.0,21.41319,2.4867654,22.39583333333333,14.804166666666667,288.25,23.870833333333334,19.5125,54.29166666666666,2024-01-20,25,62,127,214,13.590665,17.546919,17.348999,16.686499,17.090666,16.015665,15.774001,16.463583,15.673999,14.705249,14.167748,14.186501,15.196916,14.438584,13.01775,10.690965,14.762469,15.595151,14.56535,14.776696,13.542546,13.376167,13.657702,12.604366,11.6447115,10.911817,11.744099,12.614726,11.937992,10.275844,0.0,0.0,0.0,0.0,0.0,0.0,0.0,0.0,0.0,0.0,0.0,0.0,0.0,0.0,0.0,21.41319,20.696087,20.12461,16.676977,13.084402,18.193361,13.18308,20.12461,19.09358,20.456745,15.175612,22.691425,24.33664,20.730501,19.64558,22.39583333333333,37.12916666666667,34.02916666666667,30.975,32.42916666666667,20.695833333333333,26.683333333333334,23.579166666666666,19.279166666666665,19.183333333333334,22.133333333333336,16.841666666666665,17.599999999999998,24.825,15.479166666666666,14.804166666666667,24.6875,23.366666666666664,21.4375,22.2,14.020833333333334,18.266666666666666,16.054166666666667,13.079166666666666,13.154166666666669,14.891666666666666,11.433333333333332,11.933333333333332,17.208333333333332,10.720833333333331,288.25,568.0,825.875,773.125,897.9583333333334,508.0833333333333,716.875,584.0416666666666,483.7916666666667,515.6666666666666,461.9166666666667,400.1666666666667,387.7916666666667,762.5,420.0,23.870833333333334,44.76666666666667,45.80833333333334,52.333333333333336,50.2875,39.25833333333333,36.21666666666667,42.11666666666667,34.53333333333333,34.27916666666667,34.8625,28.0125,30.1625,40.47916666666666,30.516666666666666,19.5125,41.98333333333333,37.90833333333333,36.425,41.8625,27.629166666666663,32.99583333333333,29.254166666666663,27.016666666666666,27.02083333333333,23.07083333333333,23.90833333333333,19.8875,32.62083333333333,22.5,54.29166666666666,51.75,43.333333333333336,57.458333333333336,56.66666666666666,43.333333333333336,40.54166666666666,38.083333333333336,48.708333333333336,39.5,45.125,41.91666666666666,35.791666666666664,39.41666666666666,41.41666666666666
Mexico,Mexico City,19.4326,-99.1332,19.574001,10.174,14.471916,17.97232,9.387085,12.748662,0.0,24.57511,2.5974827,26.2625,17.870833333333334,460.875,35.9375,33.34583333333333,46.79166666666666,2024-01-21,36,70,134,240,14.471916,13.590665,17.546919,17.348999,16.686499,17.090666,16.015665,15.774001,16.463583,15.673999,14.705249,14.167748,14.186501,15.196916,14.438584,12.748662,10.690965,14.762469,15.595151,14.56535,14.776696,13.542546,13.376167,13.657702,12.604366,11.6447115,10.911817,11.744099,12.614726,11.937992,0.0,0.0,0.0,0.0,0.0,0.0,0.0,0.0,0.0,0.0,0.0,0.0,0.0,0.0,0.0,24.57511,21.41319,20.696087,20.12461,16.676977,13.084402,18.193361,13.18308,20.12461,19.09358,20.456745,15.175612,22.691425,24.33664,20.730501,26.2625,22.39583333333333,37.12916666666667,34.02916666666667,30.975,32.42916666666667,20.695833333333333,26.683333333333334,23.579166666666666,19.279166666666665,19.183333333333334,22.133333333333336,16.841666666666665,17.599999999999998,24.825,17.870833333333334,14.804166666666667,24.6875,23.366666666666664,21.4375,22.2,14.020833333333334,18.266666666666666,16.054166666666667,13.079166666666666,13.154166666666669,14.891666666666666,11.433333333333332,11.933333333333332,17.208333333333332,460.875,288.25,568.0,825.875,773.125,897.9583333333334,508.0833333333333,716.875,584.0416666666666,483.7916666666667,515.6666666666666,461.9166666666667,400.1666666666667,387.7916666666667,762.5,35.9375,23.870833333333334,44.76666666666667,45.80833333333334,52.333333333333336,50.2875,39.25833333333333,36.21666666666667,42.11666666666667,34.53333333333333,34.27916666666667,34.8625,28.0125,30.1625,40.47916666666666,33.34583333333333,19.5125,41.98333333333333,37.90833333333333,36.425,41.8625,27.629166666666663,32.99583333333333,29.254166666666663,27.016666666666666,27.02083333333333,23.07083333333333,23.90833333333333,19.8875,32.62083333333333,46.79166666666666,54.29166666666666,51.75,43.333333333333336,57.458333333333336,56.66666666666666,43.333333333333336,40.54166666666666,38.083333333333336,48.708333333333336,39.5,45.125,41.91666666666666,35.791666666666664,39.41666666666666
Mexico,Mexico City,19.4326,-99.1332,21.974,5.824,13.113584,19.692978,3.7613173,11.282102,0.0,13.979872,3.4488773,29.84166666666667,20.225,502.625,37.375,23.60833333333333,56.5,2024-01-22,30,78,122,230,13.113584,14.471916,13.590665,17.546919,17.348999,16.686499,17.090666,16.015665,15.774001,16.463583,15.673999,14.705249,14.167748,14.186501,15.196916,11.282102,12.748662,10.690965,14.762469,15.595151,14.56535,14.776696,13.542546,13.376167,13.657702,12.604366,11.6447115,10.911817,11.744099,12.614726,0.0,0.0,0.0,0.0,0.0,0.0,0.0,0.0,0.0,0.0,0.0,0.0,0.0,0.0,0.0,13.979872,24.57511,21.41319,20.696087,20.12461,16.676977,13.084402,18.193361,13.18308,20.12461,19.09358,20.456745,15.175612,22.691425,24.33664,29.84166666666667,26.2625,22.39583333333333,37.12916666666667,34.02916666666667,30.975,32.42916666666667,20.695833333333333,26.683333333333334,23.579166666666666,19.279166666666665,19.183333333333334,22.133333333333336,16.841666666666665,17.599999999999998,20.225,17.870833333333334,14.804166666666667,24.6875,23.366666666666664,21.4375,22.2,14.020833333333334,18.266666666666666,16.054166666666667,13.079166666666666,13.154166666666669,14.891666666666666,11.433333333333332,11.933333333333332,502.625,460.875,288.25,568.0,825.875,773.125,897.9583333333334,508.0833333333333,716.875,584.0416666666666,483.7916666666667,515.6666666666666,461.9166666666667,400.1666666666667,387.7916666666667,37.375,35.9375,23.870833333333334,44.76666666666667,45.80833333333334,52.333333333333336,50.2875,39.25833333333333,36.21666666666667,42.11666666666667,34.53333333333333,34.27916666666667,34.8625,28.0125,30.1625,23.60833333333333,33.34583333333333,19.5125,41.98333333333333,37.90833333333333,36.425,41.8625,27.629166666666663,32.99583333333333,29.254166666666663,27.016666666666666,27.02083333333333,23.07083333333333,23.90833333333333,19.8875,56.5,46.79166666666666,54.29166666666666,51.75,43.333333333333336,57.458333333333336,56.66666666666666,43.333333333333336,40.54166666666666,38.083333333333336,48.708333333333336,39.5,45.125,41.91666666666666,35.791666666666664
Mexico,Mexico City,19.4326,-99.1332,23.324001,6.274,14.107334,21.529308,4.3979063,12.169982,0.1,15.484185,3.974472,24.67083333333333,16.979166666666668,566.1666666666666,37.625,25.6125,54.583333333333336,2024-01-23,36,51,157,244,14.107334,13.113584,14.471916,13.590665,17.546919,17.348999,16.686499,17.090666,16.015665,15.774001,16.463583,15.673999,14.705249,14.167748,14.186501,12.169982,11.282102,12.748662,10.690965,14.762469,15.595151,14.56535,14.776696,13.542546,13.376167,13.657702,12.604366,11.6447115,10.911817,11.744099,0.1,0.0,0.0,0.0,0.0,0.0,0.0,0.0,0.0,0.0,0.0,0.0,0.0,0.0,0.0,15.484185,13.979872,24.57511,21.41319,20.696087,20.12461,16.676977,13.084402,18.193361,13.18308,20.12461,19.09358,20.456745,15.175612,22.691425,24.67083333333333,29.84166666666667,26.2625,22.39583333333333,37.12916666666667,34.02916666666667,30.975,32.42916666666667,20.695833333333333,26.683333333333334,23.579166666666666,19.279166666666665,19.183333333333334,22.133333333333336,16.841666666666665,16.979166666666668,20.225,17.870833333333334,14.804166666666667,24.6875,23.366666666666664,21.4375,22.2,14.020833333333334,18.266666666666666,16.054166666666667,13.079166666666666,13.154166666666669,14.891666666666666,11.433333333333332,566.1666666666666,502.625,460.875,288.25,568.0,825.875,773.125,897.9583333333334,508.0833333333333,716.875,584.0416666666666,483.7916666666667,515.6666666666666,461.9166666666667,400.1666666666667,37.625,37.375,35.9375,23.870833333333334,44.76666666666667,45.80833333333334,52.333333333333336,50.2875,39.25833333333333,36.21666666666667,42.11666666666667,34.53333333333333,34.27916666666667,34.8625,28.0125,25.6125,23.60833333333333,33.34583333333333,19.5125,41.98333333333333,37.90833333333333,36.425,41.8625,27.629166666666663,32.99583333333333,29.254166666666663,27.016666666666666,27.02083333333333,23.07083333333333,23.90833333333333,54.583333333333336,56.5,46.79166666666666,54.29166666666666,51.75,43.333333333333336,57.458333333333336,56.66666666666666,43.333333333333336,40.54166666666666,38.083333333333336,48.708333333333336,39.5,45.125,41.91666666666666
Mexico,Mexico City,19.4326,-99.1332,24.824001,7.574,15.194833,20.461975,5.896079,12.640564,0.0,25.959969,4.635272,22.366666666666664,15.45,576.875,39.41666666666666,25.59166666666667,46.458333333333336,2024-01-24,31,74,157,262,15.194833,14.107334,13.113584,14.471916,13.590665,17.546919,17.348999,16.686499,17.090666,16.015665,15.774001,16.463583,15.673999,14.705249,14.167748,12.640564,12.169982,11.282102,12.748662,10.690965,14.762469,15.595151,14.56535,14.776696,13.542546,13.376167,13.657702,12.604366,11.6447115,10.911817,0.0,0.1,0.0,0.0,0.0,0.0,0.0,0.0,0.0,0.0,0.0,0.0,0.0,0.0,0.0,25.959969,15.484185,13.979872,24.57511,21.41319,20.696087,20.12461,16.676977,13.084402,18.193361,13.18308,20.12461,19.09358,20.456745,15.175612,22.366666666666664,24.67083333333333,29.84166666666667,26.2625,22.39583333333333,37.12916666666667,34.02916666666667,30.975,32.42916666666667,20.695833333333333,26.683333333333334,23.579166666666666,19.279166666666665,19.183333333333334,22.133333333333336,15.45,16.979166666666668,20.225,17.870833333333334,14.804166666666667,24.6875,23.366666666666664,21.4375,22.2,14.020833333333334,18.266666666666666,16.054166666666667,13.079166666666666,13.154166666666669,14.891666666666666,576.875,566.1666666666666,502.625,460.875,288.25,568.0,825.875,773.125,897.9583333333334,508.0833333333333,716.875,584.0416666666666,483.7916666666667,515.6666666666666,461.9166666666667,39.41666666666666,37.625,37.375,35.9375,23.870833333333334,44.76666666666667,45.80833333333334,52.333333333333336,50.2875,39.25833333333333,36.21666666666667,42.11666666666667,34.53333333333333,34.27916666666667,34.8625,25.59166666666667,25.6125,23.60833333333333,33.34583333333333,19.5125,41.98333333333333,37.90833333333333,36.425,41.8625,27.629166666666663,32.99583333333333,29.254166666666663,27.016666666666666,27.02083333333333,23.07083333333333,46.458333333333336,54.583333333333336,56.5,46.79166666666666,54.29166666666666,51.75,43.333333333333336,57.458333333333336,56.66666666666666,43.333333333333336,40.54166666666666,38.083333333333336,48.708333333333336,39.5,45.125
Mexico,Mexico City,19.4326,-99.1332,25.274,6.824,15.107333,21.970367,4.29364,12.39042,0.0,22.691423,4.412996,24.75,17.220833333333335,718.75,42.67916666666667,30.320833333333336,50.54166666666666,2024-01-25,27,59,140,226,15.107333,15.194833,14.107334,13.113584,14.471916,13.590665,17.546919,17.348999,16.686499,17.090666,16.015665,15.774001,16.463583,15.673999,14.705249,12.39042,12.640564,12.169982,11.282102,12.748662,10.690965,14.762469,15.595151,14.56535,14.776696,13.542546,13.376167,13.657702,12.604366,11.6447115,0.0,0.0,0.1,0.0,0.0,0.0,0.0,0.0,0.0,0.0,0.0,0.0,0.0,0.0,0.0,22.691423,25.959969,15.484185,13.979872,24.57511,21.41319,20.696087,20.12461,16.676977,13.084402,18.193361,13.18308,20.12461,19.09358,20.456745,24.75,22.366666666666664,24.67083333333333,29.84166666666667,26.2625,22.39583333333333,37.12916666666667,34.02916666666667,30.975,32.42916666666667,20.695833333333333,26.683333333333334,23.579166666666666,19.279166666666665,19.183333333333334,17.220833333333335,15.45,16.979166666666668,20.225,17.870833333333334,14.804166666666667,24.6875,23.366666666666664,21.4375,22.2,14.020833333333334,18.266666666666666,16.054166666666667,13.079166666666666,13.154166666666669,718.75,576.875,566.1666666666666,502.625,460.875,288.25,568.0,825.875,773.125,897.9583333333334,508.0833333333333,716.875,584.0416666666666,483.7916666666667,515.6666666666666,42.67916666666667,39.41666666666666,37.625,37.375,35.9375,23.870833333333334,44.76666666666667,45.80833333333334,52.333333333333336,50.2875,39.25833333333333,36.21666666666667,42.11666666666667,34.53333333333333,34.27916666666667,30.320833333333336,25.59166666666667,25.6125,23.60833333333333,33.34583333333333,19.5125,41.98333333333333,37.90833333333333,36.425,41.8625,27.629166666666663,32.99583333333333,29.254166666666663,27.016666666666666,27.02083333333333,50.54166666666666,46.458333333333336,54.583333333333336,56.5,46.79166666666666,54.29166666666666,51.75,43.333333333333336,57.458333333333336,56.66666666666666,43.333333333333336,40.54166666666666,38.083333333333336,48.708333333333336,39.5
Mexico,Mexico City,19.4326,-99.1332,25.274,6.574,15.094832,22.125715,3.8211508,11.912621,0.0,20.12461,4.7237835,17.154166666666665,11.970833333333331,563.4166666666666,38.40833333333333,23.241666666666664,41.875,2024-01-26,23,64,157,244,15.094832,15.107333,15.194833,14.107334,13.113584,14.471916,13.590665,17.546919,17.348999,16.686499,17.090666,16.015665,15.774001,16.463583,15.673999,11.912621,12.39042,12.640564,12.169982,11.282102,12.748662,10.690965,14.762469,15.595151,14.56535,14.776696,13.542546,13.376167,13.657702,12.604366,0.0,0.0,0.0,0.1,0.0,0.0,0.0,0.0,0.0,0.0,0.0,0.0,0.0,0.0,0.0,20.12461,22.691423,25.959969,15.484185,13.979872,24.57511,21.41319,20.696087,20.12461,16.676977,13.084402,18.193361,13.18308,20.12461,19.09358,17.154166666666665,24.75,22.366666666666664,24.67083333333333,29.84166666666667,26.2625,22.39583333333333,37.12916666666667,34.02916666666667,30.975,32.42916666666667,20.695833333333333,26.683333333333334,23.579166666666666,19.279166666666665,11.970833333333331,17.220833333333335,15.45,16.979166666666668,20.225,17.870833333333334,14.804166666666667,24.6875,23.366666666666664,21.4375,22.2,14.020833333333334,18.266666666666666,16.054166666666667,13.079166666666666,563.4166666666666,718.75,576.875,566.1666666666666,502.625,460.875,288.25,568.0,825.875,773.125,897.9583333333334,508.0833333333333,716.875,584.0416666666666,483.7916666666667,38.40833333333333,42.67916666666667,39.41666666666666,37.625,37.375,35.9375,23.870833333333334,44.76666666666667,45.80833333333334,52.333333333333336,50.2875,39.25833333333333,36.21666666666667,42.11666666666667,34.53333333333333,23.241666666666664,30.320833333333336,25.59166666666667,25.6125,23.60833333333333,33.34583333333333,19.5125,41.98333333333333,37.90833333333333,36.425,41.8625,27.629166666666663,32.99583333333333,29.254166666666663,27.016666666666666,41.875,50.54166666666666,46.458333333333336,54.583333333333336,56.5,46.79166666666666,54.29166666666666,51.75,43.333333333333336,57.458333333333336,56.66666666666666,43.333333333333336,40.54166666666666,38.083333333333336,48.708333333333336
Mexico,Mexico City,19.4326,-99.1332,24.824001,6.174,14.98025,21.754837,2.6982355,11.965655,0.0,18.440998,4.5892186,24.579166666666666,17.099999999999998,805.375,45.36666666666667,31.52083333333333,54.958333333333336,2024-01-27,47,58,131,236,14.98025,15.094832,15.107333,15.194833,14.107334,13.113584,14.471916,13.590665,17.546919,17.348999,16.686499,17.090666,16.015665,15.774001,16.463583,11.965655,11.912621,12.39042,12.640564,12.169982,11.282102,12.748662,10.690965,14.762469,15.595151,14.56535,14.776696,13.542546,13.376167,13.657702,0.0,0.0,0.0,0.0,0.1,0.0,0.0,0.0,0.0,0.0,0.0,0.0,0.0,0.0,0.0,18.440998,20.12461,22.691423,25.959969,15.484185,13.979872,24.57511,21.41319,20.696087,20.12461,16.676977,13.084402,18.193361,13.18308,20.12461,24.579166666666666,17.154166666666665,24.75,22.366666666666664,24.67083333333333,29.84166666666667,26.2625,22.39583333333333,37.12916666666667,34.02916666666667,30.975,32.42916666666667,20.695833333333333,26.683333333333334,23.579166666666666,17.099999999999998,11.970833333333331,17.220833333333335,15.45,16.979166666666668,20.225,17.870833333333334,14.804166666666667,24.6875,23.366666666666664,21.4375,22.2,14.020833333333334,18.266666666666666,16.054166666666667,805.375,563.4166666666666,718.75,576.875,566.1666666666666,502.625,460.875,288.25,568.0,825.875,773.125,897.9583333333334,508.0833333333333,716.875,584.0416666666666,45.36666666666667,38.40833333333333,42.67916666666667,39.41666666666666,37.625,37.375,35.9375,23.870833333333334,44.76666666666667,45.80833333333334,52.333333333333336,50.2875,39.25833333333333,36.21666666666667,42.11666666666667,31.52083333333333,23.241666666666664,30.320833333333336,25.59166666666667,25.6125,23.60833333333333,33.34583333333333,19.5125,41.98333333333333,37.90833333333333,36.425,41.8625,27.629166666666663,32.99583333333333,29.254166666666663,54.958333333333336,41.875,50.54166666666666,46.458333333333336,54.583333333333336,56.5,46.79166666666666,54.29166666666666,51.75,43.333333333333336,57.458333333333336,56.66666666666666,43.333333333333336,40.54166666666666,38.083333333333336
Mexico,Mexico City,19.4326,-99.1332,22.824001,9.124,15.090667,20.7306,7.65386,12.933829,0.0,21.382906,4.0295053,15.495833333333332,10.745833333333332,313.7916666666667,23.14583333333333,19.991666666666667,65.16666666666667,2024-01-28,30,75,145,250,15.090667,14.98025,15.094832,15.107333,15.194833,14.107334,13.113584,14.471916,13.590665,17.546919,17.348999,16.686499,17.090666,16.015665,15.774001,12.933829,11.965655,11.912621,12.39042,12.640564,12.169982,11.282102,12.748662,10.690965,14.762469,15.595151,14.56535,14.776696,13.542546,13.376167,0.0,0.0,0.0,0.0,0.0,0.1,0.0,0.0,0.0,0.0,0.0,0.0,0.0,0.0,0.0,21.382906,18.440998,20.12461,22.691423,25.959969,15.484185,13.979872,24.57511,21.41319,20.696087,20.12461,16.676977,13.084402,18.193361,13.18308,15.495833333333332,24.579166666666666,17.154166666666665,24.75,22.366666666666664,24.67083333333333,29.84166666666667,26.2625,22.39583333333333,37.12916666666667,34.02916666666667,30.975,32.42916666666667,20.695833333333333,26.683333333333334,10.745833333333332,17.099999999999998,11.970833333333331,17.220833333333335,15.45,16.979166666666668,20.225,17.870833333333334,14.804166666666667,24.6875,23.366666666666664,21.4375,22.2,14.020833333333334,18.266666666666666,313.7916666666667,805.375,563.4166666666666,718.75,576.875,566.1666666666666,502.625,460.875,288.25,568.0,825.875,773.125,897.9583333333334,508.0833333333333,716.875,23.14583333333333,45.36666666666667,38.40833333333333,42.67916666666667,39.41666666666666,37.625,37.375,35.9375,23.870833333333334,44.76666666666667,45.80833333333334,52.333333333333336,50.2875,39.25833333333333,36.21666666666667,19.991666666666667,31.52083333333333,23.241666666666664,30.320833333333336,25.59166666666667,25.6125,23.60833333333333,33.34583333333333,19.5125,41.98333333333333,37.90833333333333,36.425,41.8625,27.629166666666663,32.99583333333333,65.16666666666667,54.958333333333336,41.875,50.54166666666666,46.458333333333336,54.583333333333336,56.5,46.79166666666666,54.29166666666666,51.75,43.333333333333336,57.458333333333336,56.66666666666666,43.333333333333336,40.54166666666666
Mexico,Mexico City,19.4326,-99.1332,21.624,6.974,13.196918,17.968382,4.842622,10.251405,0.0,21.915693,3.4172015,23.15,15.925,332.6666666666667,27.25,23.15833333333333,58.75,2024-01-29,43,74,99,216,13.196918,15.090667,14.98025,15.094832,15.107333,15.194833,14.107334,13.113584,14.471916,13.590665,17.546919,17.348999,16.686499,17.090666,16.015665,10.251405,12.933829,11.965655,11.912621,12.39042,12.640564,12.169982,11.282102,12.748662,10.690965,14.762469,15.595151,14.56535,14.776696,13.542546,0.0,0.0,0.0,0.0,0.0,0.0,0.1,0.0,0.0,0.0,0.0,0.0,0.0,0.0,0.0,21.915693,21.382906,18.440998,20.12461,22.691423,25.959969,15.484185,13.979872,24.57511,21.41319,20.696087,20.12461,16.676977,13.084402,18.193361,23.15,15.495833333333332,24.579166666666666,17.154166666666665,24.75,22.366666666666664,24.67083333333333,29.84166666666667,26.2625,22.39583333333333,37.12916666666667,34.02916666666667,30.975,32.42916666666667,20.695833333333333,15.925,10.745833333333332,17.099999999999998,11.970833333333331,17.220833333333335,15.45,16.979166666666668,20.225,17.870833333333334,14.804166666666667,24.6875,23.366666666666664,21.4375,22.2,14.020833333333334,332.6666666666667,313.7916666666667,805.375,563.4166666666666,718.75,576.875,566.1666666666666,502.625,460.875,288.25,568.0,825.875,773.125,897.9583333333334,508.0833333333333,27.25,23.14583333333333,45.36666666666667,38.40833333333333,42.67916666666667,39.41666666666666,37.625,37.375,35.9375,23.870833333333334,44.76666666666667,45.80833333333334,52.333333333333336,50.2875,39.25833333333333,23.15833333333333,19.991666666666667,31.52083333333333,23.241666666666664,30.320833333333336,25.59166666666667,25.6125,23.60833333333333,33.34583333333333,19.5125,41.98333333333333,37.90833333333333,36.425,41.8625,27.629166666666663,58.75,65.16666666666667,54.958333333333336,41.875,50.54166666666666,46.458333333333336,54.583333333333336,56.5,46.79166666666666,54.29166666666666,51.75,43.333333333333336,57.458333333333336,56.66666666666666,43.333333333333336
Mexico,Mexico City,19.4326,-99.1332,21.374,7.774,14.178166,17.293356,5.170602,10.922349,0.0,22.9724,3.4768202,27.65833333333333,18.529166666666665,333.25,27.97083333333333,27.1625,48.875,2024-01-30,31,56,156,243,14.178166,13.196918,15.090667,14.98025,15.094832,15.107333,15.194833,14.107334,13.113584,14.471916,13.590665,17.546919,17.348999,16.686499,17.090666,10.922349,10.251405,12.933829,11.965655,11.912621,12.39042,12.640564,12.169982,11.282102,12.748662,10.690965,14.762469,15.595151,14.56535,14.776696,0.0,0.0,0.0,0.0,0.0,0.0,0.0,0.1,0.0,0.0,0.0,0.0,0.0,0.0,0.0,22.9724,21.915693,21.382906,18.440998,20.12461,22.691423,25.959969,15.484185,13.979872,24.57511,21.41319,20.696087,20.12461,16.676977,13.084402,27.65833333333333,23.15,15.495833333333332,24.579166666666666,17.154166666666665,24.75,22.366666666666664,24.67083333333333,29.84166666666667,26.2625,22.39583333333333,37.12916666666667,34.02916666666667,30.975,32.42916666666667,18.529166666666665,15.925,10.745833333333332,17.099999999999998,11.970833333333331,17.220833333333335,15.45,16.979166666666668,20.225,17.870833333333334,14.804166666666667,24.6875,23.366666666666664,21.4375,22.2,333.25,332.6666666666667,313.7916666666667,805.375,563.4166666666666,718.75,576.875,566.1666666666666,502.625,460.875,288.25,568.0,825.875,773.125,897.9583333333334,27.97083333333333,27.25,23.14583333333333,45.36666666666667,38.40833333333333,42.67916666666667,39.41666666666666,37.625,37.375,35.9375,23.870833333333334,44.76666666666667,45.80833333333334,52.333333333333336,50.2875,27.1625,23.15833333333333,19.991666666666667,31.52083333333333,23.241666666666664,30.320833333333336,25.59166666666667,25.6125,23.60833333333333,33.34583333333333,19.5125,41.98333333333333,37.90833333333333,36.425,41.8625,48.875,58.75,65.16666666666667,54.958333333333336,41.875,50.54166666666666,46.458333333333336,54.583333333333336,56.5,46.79166666666666,54.29166666666666,51.75,43.333333333333336,57.458333333333336,56.66666666666666
Mexico,Mexico City,19.4326,-99.1332,21.724,10.924,15.46775,18.38487,8.672471,12.371905,0.1,16.93531,3.081205,33.75416666666667,22.566666666666663,465.4166666666667,39.42916666666667,32.00416666666667,49.833333333333336,2024-01-31,30,70,131,231,15.46775,14.178166,13.196918,15.090667,14.98025,15.094832,15.107333,15.194833,14.107334,13.113584,14.471916,13.590665,17.546919,17.348999,16.686499,12.371905,10.922349,10.251405,12.933829,11.965655,11.912621,12.39042,12.640564,12.169982,11.282102,12.748662,10.690965,14.762469,15.595151,14.56535,0.1,0.0,0.0,0.0,0.0,0.0,0.0,0.0,0.1,0.0,0.0,0.0,0.0,0.0,0.0,16.93531,22.9724,21.915693,21.382906,18.440998,20.12461,22.691423,25.959969,15.484185,13.979872,24.57511,21.41319,20.696087,20.12461,16.676977,33.75416666666667,27.65833333333333,23.15,15.495833333333332,24.579166666666666,17.154166666666665,24.75,22.366666666666664,24.67083333333333,29.84166666666667,26.2625,22.39583333333333,37.12916666666667,34.02916666666667,30.975,22.566666666666663,18.529166666666665,15.925,10.745833333333332,17.099999999999998,11.970833333333331,17.220833333333335,15.45,16.979166666666668,20.225,17.870833333333334,14.804166666666667,24.6875,23.366666666666664,21.4375,465.4166666666667,333.25,332.6666666666667,313.7916666666667,805.375,563.4166666666666,718.75,576.875,566.1666666666666,502.625,460.875,288.25,568.0,825.875,773.125,39.42916666666667,27.97083333333333,27.25,23.14583333333333,45.36666666666667,38.40833333333333,42.67916666666667,39.41666666666666,37.625,37.375,35.9375,23.870833333333334,44.76666666666667,45.80833333333334,52.333333333333336,32.00416666666667,27.1625,23.15833333333333,19.991666666666667,31.52083333333333,23.241666666666664,30.320833333333336,25.59166666666667,25.6125,23.60833333333333,33.34583333333333,19.5125,41.98333333333333,37.90833333333333,36.425,49.833333333333336,48.875,58.75,65.16666666666667,54.958333333333336,41.875,50.54166666666666,46.458333333333336,54.583333333333336,56.5,46.79166666666666,54.29166666666666,51.75,43.333333333333336,57.458333333333336
Mexico,Mexico City,19.4326,-99.1332,21.274,9.074,14.955247,18.41305,7.199973,12.483647,0.0,19.083395,3.0644531,39.24166666666667,26.27083333333333,546.3333333333334,40.53333333333333,29.683333333333334,56.125,2024-02-01,31,62,126,219,14.955247,15.46775,14.178166,13.196918,15.090667,14.98025,15.094832,15.107333,15.194833,14.107334,13.113584,14.471916,13.590665,17.546919,17.348999,12.483647,12.371905,10.922349,10.251405,12.933829,11.965655,11.912621,12.39042,12.640564,12.169982,11.282102,12.748662,10.690965,14.762469,15.595151,0.0,0.1,0.0,0.0,0.0,0.0,0.0,0.0,0.0,0.1,0.0,0.0,0.0,0.0,0.0,19.083395,16.93531,22.9724,21.915693,21.382906,18.440998,20.12461,22.691423,25.959969,15.484185,13.979872,24.57511,21.41319,20.696087,20.12461,39.24166666666667,33.75416666666667,27.65833333333333,23.15,15.495833333333332,24.579166666666666,17.154166666666665,24.75,22.366666666666664,24.67083333333333,29.84166666666667,26.2625,22.39583333333333,37.12916666666667,34.02916666666667,26.27083333333333,22.566666666666663,18.529166666666665,15.925,10.745833333333332,17.099999999999998,11.970833333333331,17.220833333333335,15.45,16.979166666666668,20.225,17.870833333333334,14.804166666666667,24.6875,23.366666666666664,546.3333333333334,465.4166666666667,333.25,332.6666666666667,313.7916666666667,805.375,563.4166666666666,718.75,576.875,566.1666666666666,502.625,460.875,288.25,568.0,825.875,40.53333333333333,39.42916666666667,27.97083333333333,27.25,23.14583333333333,45.36666666666667,38.40833333333333,42.67916666666667,39.41666666666666,37.625,37.375,35.9375,23.870833333333334,44.76666666666667,45.80833333333334,29.683333333333334,32.00416666666667,27.1625,23.15833333333333,19.991666666666667,31.52083333333333,23.241666666666664,30.320833333333336,25.59166666666667,25.6125,23.60833333333333,33.34583333333333,19.5125,41.98333333333333,37.90833333333333,56.125,49.833333333333336,48.875,58.75,65.16666666666667,54.958333333333336,41.875,50.54166666666666,46.458333333333336,54.583333333333336,56.5,46.79166666666666,54.29166666666666,51.75,43.333333333333336
Mexico,Mexico City,19.4326,-99.1332,25.974,5.324,13.682332,23.940018,3.327362,11.801887,0.0,24.184391,4.1571875,31.245833333333334,21.375,763.0,44.1625,27.34166666666667,45.79166666666666,2024-02-02,18,77,140,235,13.682332,14.955247,15.46775,14.178166,13.196918,15.090667,14.98025,15.094832,15.107333,15.194833,14.107334,13.113584,14.471916,13.590665,17.546919,11.801887,12.483647,12.371905,10.922349,10.251405,12.933829,11.965655,11.912621,12.39042,12.640564,12.169982,11.282102,12.748662,10.690965,14.762469,0.0,0.0,0.1,0.0,0.0,0.0,0.0,0.0,0.0,0.0,0.1,0.0,0.0,0.0,0.0,24.184391,19.083395,16.93531,22.9724,21.915693,21.382906,18.440998,20.12461,22.691423,25.959969,15.484185,13.979872,24.57511,21.41319,20.696087,31.245833333333334,39.24166666666667,33.75416666666667,27.65833333333333,23.15,15.495833333333332,24.579166666666666,17.154166666666665,24.75,22.366666666666664,24.67083333333333,29.84166666666667,26.2625,22.39583333333333,37.12916666666667,21.375,26.27083333333333,22.566666666666663,18.529166666666665,15.925,10.745833333333332,17.099999999999998,11.970833333333331,17.220833333333335,15.45,16.979166666666668,20.225,17.870833333333334,14.804166666666667,24.6875,763.0,546.3333333333334,465.4166666666667,333.25,332.6666666666667,313.7916666666667,805.375,563.4166666666666,718.75,576.875,566.1666666666666,502.625,460.875,288.25,568.0,44.1625,40.53333333333333,39.42916666666667,27.97083333333333,27.25,23.14583333333333,45.36666666666667,38.40833333333333,42.67916666666667,39.41666666666666,37.625,37.375,35.9375,23.870833333333334,44.76666666666667,27.34166666666667,29.683333333333334,32.00416666666667,27.1625,23.15833333333333,19.991666666666667,31.52083333333333,23.241666666666664,30.320833333333336,25.59166666666667,25.6125,23.60833333333333,33.34583333333333,19.5125,41.98333333333333,45.79166666666666,56.125,49.833333333333336,48.875,58.75,65.16666666666667,54.958333333333336,41.875,50.54166666666666,46.458333333333336,54.583333333333336,56.5,46.79166666666666,54.29166666666666,51.75
Mexico,Mexico City,19.4326,-99.1332,24.724,4.874,14.573998,21.915953,1.9373679,11.60922,0.0,20.63023,4.850422,10.8375,7.395833333333333,320.9583333333333,23.445833333333336,14.6875,54.958333333333336,2024-02-03,41,58,146,245,14.573998,13.682332,14.955247,15.46775,14.178166,13.196918,15.090667,14.98025,15.094832,15.107333,15.194833,14.107334,13.113584,14.471916,13.590665,11.60922,11.801887,12.483647,12.371905,10.922349,10.251405,12.933829,11.965655,11.912621,12.39042,12.640564,12.169982,11.282102,12.748662,10.690965,0.0,0.0,0.0,0.1,0.0,0.0,0.0,0.0,0.0,0.0,0.0,0.1,0.0,0.0,0.0,20.63023,24.184391,19.083395,16.93531,22.9724,21.915693,21.382906,18.440998,20.12461,22.691423,25.959969,15.484185,13.979872,24.57511,21.41319,10.8375,31.245833333333334,39.24166666666667,33.75416666666667,27.65833333333333,23.15,15.495833333333332,24.579166666666666,17.154166666666665,24.75,22.366666666666664,24.67083333333333,29.84166666666667,26.2625,22.39583333333333,7.395833333333333,21.375,26.27083333333333,22.566666666666663,18.529166666666665,15.925,10.745833333333332,17.099999999999998,11.970833333333331,17.220833333333335,15.45,16.979166666666668,20.225,17.870833333333334,14.804166666666667,320.9583333333333,763.0,546.3333333333334,465.4166666666667,333.25,332.6666666666667,313.7916666666667,805.375,563.4166666666666,718.75,576.875,566.1666666666666,502.625,460.875,288.25,23.445833333333336,44.1625,40.53333333333333,39.42916666666667,27.97083333333333,27.25,23.14583333333333,45.36666666666667,38.40833333333333,42.67916666666667,39.41666666666666,37.625,37.375,35.9375,23.870833333333334,14.6875,27.34166666666667,29.683333333333334,32.00416666666667,27.1625,23.15833333333333,19.991666666666667,31.52083333333333,23.241666666666664,30.320833333333336,25.59166666666667,25.6125,23.60833333333333,33.34583333333333,19.5125,54.958333333333336,45.79166666666666,56.125,49.833333333333336,48.875,58.75,65.16666666666667,54.958333333333336,41.875,50.54166666666666,46.458333333333336,54.583333333333336,56.5,46.79166666666666,54.29166666666666
Mexico,Mexico City,19.4326,-99.1332,24.774,3.974,13.659415,20.877798,1.0837593,10.658513,0.0,17.309973,4.6279182,16.224999999999998,11.245833333333332,516.125,38.18333333333333,21.35,51.833333333333336,2024-02-04,25,67,129,221,13.659415,14.573998,13.682332,14.955247,15.46775,14.178166,13.196918,15.090667,14.98025,15.094832,15.107333,15.194833,14.107334,13.113584,14.471916,10.658513,11.60922,11.801887,12.483647,12.371905,10.922349,10.251405,12.933829,11.965655,11.912621,12.39042,12.640564,12.169982,11.282102,12.748662,0.0,0.0,0.0,0.0,0.1,0.0,0.0,0.0,0.0,0.0,0.0,0.0,0.1,0.0,0.0,17.309973,20.63023,24.184391,19.083395,16.93531,22.9724,21.915693,21.382906,18.440998,20.12461,22.691423,25.959969,15.484185,13.979872,24.57511,16.224999999999998,10.8375,31.245833333333334,39.24166666666667,33.75416666666667,27.65833333333333,23.15,15.495833333333332,24.579166666666666,17.154166666666665,24.75,22.366666666666664,24.67083333333333,29.84166666666667,26.2625,11.245833333333332,7.395833333333333,21.375,26.27083333333333,22.566666666666663,18.529166666666665,15.925,10.745833333333332,17.099999999999998,11.970833333333331,17.220833333333335,15.45,16.979166666666668,20.225,17.870833333333334,516.125,320.9583333333333,763.0,546.3333333333334,465.4166666666667,333.25,332.6666666666667,313.7916666666667,805.375,563.4166666666666,718.75,576.875,566.1666666666666,502.625,460.875,38.18333333333333,23.445833333333336,44.1625,40.53333333333333,39.42916666666667,27.97083333333333,27.25,23.14583333333333,45.36666666666667,38.40833333333333,42.67916666666667,39.41666666666666,37.625,37.375,35.9375,21.35,14.6875,27.34166666666667,29.683333333333334,32.00416666666667,27.1625,23.15833333333333,19.991666666666667,31.52083333333333,23.241666666666664,30.320833333333336,25.59166666666667,25.6125,23.60833333333333,33.34583333333333,51.833333333333336,54.958333333333336,45.79166666666666,56.125,49.833333333333336,48.875,58.75,65.16666666666667,54.958333333333336,41.875,50.54166666666666,46.458333333333336,54.583333333333336,56.5,46.79166666666666
Mexico,Mexico City,19.4326,-99.1332,23.524,6.674,15.496917,19.393898,3.7179742,11.653069,0.0,18.057508,5.210764,17.787499999999998,12.070833333333333,401.2083333333333,38.020833333333336,25.191666666666663,60.91666666666666,2024-02-05,31,81,136,248,15.496917,13.659415,14.573998,13.682332,14.955247,15.46775,14.178166,13.196918,15.090667,14.98025,15.094832,15.107333,15.194833,14.107334,13.113584,11.653069,10.658513,11.60922,11.801887,12.483647,12.371905,10.922349,10.251405,12.933829,11.965655,11.912621,12.39042,12.640564,12.169982,11.282102,0.0,0.0,0.0,0.0,0.0,0.1,0.0,0.0,0.0,0.0,0.0,0.0,0.0,0.1,0.0,18.057508,17.309973,20.63023,24.184391,19.083395,16.93531,22.9724,21.915693,21.382906,18.440998,20.12461,22.691423,25.959969,15.484185,13.979872,17.787499999999998,16.224999999999998,10.8375,31.245833333333334,39.24166666666667,33.75416666666667,27.65833333333333,23.15,15.495833333333332,24.579166666666666,17.154166666666665,24.75,22.366666666666664,24.67083333333333,29.84166666666667,12.070833333333333,11.245833333333332,7.395833333333333,21.375,26.27083333333333,22.566666666666663,18.529166666666665,15.925,10.745833333333332,17.099999999999998,11.970833333333331,17.220833333333335,15.45,16.979166666666668,20.225,401.2083333333333,516.125,320.9583333333333,763.0,546.3333333333334,465.4166666666667,333.25,332.6666666666667,313.7916666666667,805.375,563.4166666666666,718.75,576.875,566.1666666666666,502.625,38.020833333333336,38.18333333333333,23.445833333333336,44.1625,40.53333333333333,39.42916666666667,27.97083333333333,27.25,23.14583333333333,45.36666666666667,38.40833333333333,42.67916666666667,39.41666666666666,37.625,37.375,25.191666666666663,21.35,14.6875,27.34166666666667,29.683333333333334,32.00416666666667,27.1625,23.15833333333333,19.991666666666667,31.52083333333333,23.241666666666664,30.320833333333336,25.59166666666667,25.6125,23.60833333333333,60.91666666666666,51.833333333333336,54.958333333333336,45.79166666666666,56.125,49.833333333333336,48.875,58.75,65.16666666666667,54.958333333333336,41.875,50.54166666666666,46.458333333333336,54.583333333333336,56.5
Mexico,Mexico City,19.4326,-99.1332,25.674002,4.124,14.851082,22.205708,1.2492743,11.57003,0.0,19.245697,5.204829,21.945833333333336,15.225,494.2916666666667,42.84583333333333,29.45833333333333,58.458333333333336,2024-02-06,29,65,133,227,14.851082,15.496917,13.659415,14.573998,13.682332,14.955247,15.46775,14.178166,13.196918,15.090667,14.98025,15.094832,15.107333,15.194833,14.107334,11.57003,11.653069,10.658513,11.60922,11.801887,12.483647,12.371905,10.922349,10.251405,12.933829,11.965655,11.912621,12.39042,12.640564,12.169982,0.0,0.0,0.0,0.0,0.0,0.0,0.1,0.0,0.0,0.0,0.0,0.0,0.0,0.0,0.1,19.245697,18.057508,17.309973,20.63023,24.184391,19.083395,16.93531,22.9724,21.915693,21.382906,18.440998,20.12461,22.691423,25.959969,15.484185,21.945833333333336,17.787499999999998,16.224999999999998,10.8375,31.245833333333334,39.24166666666667,33.75416666666667,27.65833333333333,23.15,15.495833333333332,24.579166666666666,17.154166666666665,24.75,22.366666666666664,24.67083333333333,15.225,12.070833333333333,11.245833333333332,7.395833333333333,21.375,26.27083333333333,22.566666666666663,18.529166666666665,15.925,10.745833333333332,17.099999999999998,11.970833333333331,17.220833333333335,15.45,16.979166666666668,494.2916666666667,401.2083333333333,516.125,320.9583333333333,763.0,546.3333333333334,465.4166666666667,333.25,332.6666666666667,313.7916666666667,805.375,563.4166666666666,718.75,576.875,566.1666666666666,42.84583333333333,38.020833333333336,38.18333333333333,23.445833333333336,44.1625,40.53333333333333,39.42916666666667,27.97083333333333,27.25,23.14583333333333,45.36666666666667,38.40833333333333,42.67916666666667,39.41666666666666,37.625,29.45833333333333,25.191666666666663,21.35,14.6875,27.34166666666667,29.683333333333334,32.00416666666667,27.1625,23.15833333333333,19.991666666666667,31.52083333333333,23.241666666666664,30.320833333333336,25.59166666666667,25.6125,58.458333333333336,60.91666666666666,51.833333333333336,54.958333333333336,45.79166666666666,56.125,49.833333333333336,48.875,58.75,65.16666666666667,54.958333333333336,41.875,50.54166666666666,46.458333333333336,54.583333333333336
Mexico,Mexico City,19.4326,-99.1332,26.924002,5.674,15.690666,24.506823,3.1522317,12.92636,0.0,18.709612,4.962135,30.525,21.26666666666667,757.7083333333334,51.11666666666667,33.9,72.625,2024-02-07,30,73,143,246,15.690666,14.851082,15.496917,13.659415,14.573998,13.682332,14.955247,15.46775,14.178166,13.196918,15.090667,14.98025,15.094832,15.107333,15.194833,12.92636,11.57003,11.653069,10.658513,11.60922,11.801887,12.483647,12.371905,10.922349,10.251405,12.933829,11.965655,11.912621,12.39042,12.640564,0.0,0.0,0.0,0.0,0.0,0.0,0.0,0.1,0.0,0.0,0.0,0.0,0.0,0.0,0.0,18.709612,19.245697,18.057508,17.309973,20.63023,24.184391,19.083395,16.93531,22.9724,21.915693,21.382906,18.440998,20.12461,22.691423,25.959969,30.525,21.945833333333336,17.787499999999998,16.224999999999998,10.8375,31.245833333333334,39.24166666666667,33.75416666666667,27.65833333333333,23.15,15.495833333333332,24.579166666666666,17.154166666666665,24.75,22.366666666666664,21.26666666666667,15.225,12.070833333333333,11.245833333333332,7.395833333333333,21.375,26.27083333333333,22.566666666666663,18.529166666666665,15.925,10.745833333333332,17.099999999999998,11.970833333333331,17.220833333333335,15.45,757.7083333333334,494.2916666666667,401.2083333333333,516.125,320.9583333333333,763.0,546.3333333333334,465.4166666666667,333.25,332.6666666666667,313.7916666666667,805.375,563.4166666666666,718.75,576.875,51.11666666666667,42.84583333333333,38.020833333333336,38.18333333333333,23.445833333333336,44.1625,40.53333333333333,39.42916666666667,27.97083333333333,27.25,23.14583333333333,45.36666666666667,38.40833333333333,42.67916666666667,39.41666666666666,33.9,29.45833333333333,25.191666666666663,21.35,14.6875,27.34166666666667,29.683333333333334,32.00416666666667,27.1625,23.15833333333333,19.991666666666667,31.52083333333333,23.241666666666664,30.320833333333336,25.59166666666667,72.625,58.458333333333336,60.91666666666666,51.833333333333336,54.958333333333336,45.79166666666666,56.125,49.833333333333336,48.875,58.75,65.16666666666667,54.958333333333336,41.875,50.54166666666666,46.458333333333336
Mexico,Mexico City,19.4326,-99.1332,29.674002,8.724,17.790667,26.209208,6.0870075,15.058782,0.0,21.647945,5.4733863,29.8125,20.6625,779.4583333333334,53.87916666666666,27.141666666666666,76.875,2024-02-08,28,63,149,240,17.790667,15.690666,14.851082,15.496917,13.659415,14.573998,13.682332,14.955247,15.46775,14.178166,13.196918,15.090667,14.98025,15.094832,15.107333,15.058782,12.92636,11.57003,11.653069,10.658513,11.60922,11.801887,12.483647,12.371905,10.922349,10.251405,12.933829,11.965655,11.912621,12.39042,0.0,0.0,0.0,0.0,0.0,0.0,0.0,0.0,0.1,0.0,0.0,0.0,0.0,0.0,0.0,21.647945,18.709612,19.245697,18.057508,17.309973,20.63023,24.184391,19.083395,16.93531,22.9724,21.915693,21.382906,18.440998,20.12461,22.691423,29.8125,30.525,21.945833333333336,17.787499999999998,16.224999999999998,10.8375,31.245833333333334,39.24166666666667,33.75416666666667,27.65833333333333,23.15,15.495833333333332,24.579166666666666,17.154166666666665,24.75,20.6625,21.26666666666667,15.225,12.070833333333333,11.245833333333332,7.395833333333333,21.375,26.27083333333333,22.566666666666663,18.529166666666665,15.925,10.745833333333332,17.099999999999998,11.970833333333331,17.220833333333335,779.4583333333334,757.7083333333334,494.2916666666667,401.2083333333333,516.125,320.9583333333333,763.0,546.3333333333334,465.4166666666667,333.25,332.6666666666667,313.7916666666667,805.375,563.4166666666666,718.75,53.87916666666666,51.11666666666667,42.84583333333333,38.020833333333336,38.18333333333333,23.445833333333336,44.1625,40.53333333333333,39.42916666666667,27.97083333333333,27.25,23.14583333333333,45.36666666666667,38.40833333333333,42.67916666666667,27.141666666666666,33.9,29.45833333333333,25.191666666666663,21.35,14.6875,27.34166666666667,29.683333333333334,32.00416666666667,27.1625,23.15833333333333,19.991666666666667,31.52083333333333,23.241666666666664,30.320833333333336,76.875,72.625,58.458333333333336,60.91666666666666,51.833333333333336,54.958333333333336,45.79166666666666,56.125,49.833333333333336,48.875,58.75,65.16666666666667,54.958333333333336,41.875,50.54166666666666
Mexico,Mexico City,19.4326,-99.1332,28.474,10.824,18.284416,25.66543,9.013118,15.912834,0.0,23.277834,5.2188296,31.29583333333333,21.629166666666663,744.0416666666666,51.79166666666666,30.1125,75.54166666666667,2024-02-09,34,72,162,268,18.284416,17.790667,15.690666,14.851082,15.496917,13.659415,14.573998,13.682332,14.955247,15.46775,14.178166,13.196918,15.090667,14.98025,15.094832,15.912834,15.058782,12.92636,11.57003,11.653069,10.658513,11.60922,11.801887,12.483647,12.371905,10.922349,10.251405,12.933829,11.965655,11.912621,0.0,0.0,0.0,0.0,0.0,0.0,0.0,0.0,0.0,0.1,0.0,0.0,0.0,0.0,0.0,23.277834,21.647945,18.709612,19.245697,18.057508,17.309973,20.63023,24.184391,19.083395,16.93531,22.9724,21.915693,21.382906,18.440998,20.12461,31.29583333333333,29.8125,30.525,21.945833333333336,17.787499999999998,16.224999999999998,10.8375,31.245833333333334,39.24166666666667,33.75416666666667,27.65833333333333,23.15,15.495833333333332,24.579166666666666,17.154166666666665,21.629166666666663,20.6625,21.26666666666667,15.225,12.070833333333333,11.245833333333332,7.395833333333333,21.375,26.27083333333333,22.566666666666663,18.529166666666665,15.925,10.745833333333332,17.099999999999998,11.970833333333331,744.0416666666666,779.4583333333334,757.7083333333334,494.2916666666667,401.2083333333333,516.125,320.9583333333333,763.0,546.3333333333334,465.4166666666667,333.25,332.6666666666667,313.7916666666667,805.375,563.4166666666666,51.79166666666666,53.87916666666666,51.11666666666667,42.84583333333333,38.020833333333336,38.18333333333333,23.445833333333336,44.1625,40.53333333333333,39.42916666666667,27.97083333333333,27.25,23.14583333333333,45.36666666666667,38.40833333333333,30.1125,27.141666666666666,33.9,29.45833333333333,25.191666666666663,21.35,14.6875,27.34166666666667,29.683333333333334,32.00416666666667,27.1625,23.15833333333333,19.991666666666667,31.52083333333333,23.241666666666664,75.54166666666667,76.875,72.625,58.458333333333336,60.91666666666666,51.833333333333336,54.958333333333336,45.79166666666666,56.125,49.833333333333336,48.875,58.75,65.16666666666667,54.958333333333336,41.875
Mexico,Mexico City,19.4326,-99.1332,28.524,6.374,17.038582,25.30088,3.8792448,13.779286,0.0,24.48,5.685685,19.33333333333333,13.241666666666667,458.8333333333333,35.19166666666667,17.775000000000002,63.29166666666666,2024-02-10,29,66,133,228,17.038582,18.284416,17.790667,15.690666,14.851082,15.496917,13.659415,14.573998,13.682332,14.955247,15.46775,14.178166,13.196918,15.090667,14.98025,13.779286,15.912834,15.058782,12.92636,11.57003,11.653069,10.658513,11.60922,11.801887,12.483647,12.371905,10.922349,10.251405,12.933829,11.965655,0.0,0.0,0.0,0.0,0.0,0.0,0.0,0.0,0.0,0.0,0.1,0.0,0.0,0.0,0.0,24.48,23.277834,21.647945,18.709612,19.245697,18.057508,17.309973,20.63023,24.184391,19.083395,16.93531,22.9724,21.915693,21.382906,18.440998,19.33333333333333,31.29583333333333,29.8125,30.525,21.945833333333336,17.787499999999998,16.224999999999998,10.8375,31.245833333333334,39.24166666666667,33.75416666666667,27.65833333333333,23.15,15.495833333333332,24.579166666666666,13.241666666666667,21.629166666666663,20.6625,21.26666666666667,15.225,12.070833333333333,11.245833333333332,7.395833333333333,21.375,26.27083333333333,22.566666666666663,18.529166666666665,15.925,10.745833333333332,17.099999999999998,458.8333333333333,744.0416666666666,779.4583333333334,757.7083333333334,494.2916666666667,401.2083333333333,516.125,320.9583333333333,763.0,546.3333333333334,465.4166666666667,333.25,332.6666666666667,313.7916666666667,805.375,35.19166666666667,51.79166666666666,53.87916666666666,51.11666666666667,42.84583333333333,38.020833333333336,38.18333333333333,23.445833333333336,44.1625,40.53333333333333,39.42916666666667,27.97083333333333,27.25,23.14583333333333,45.36666666666667,17.775000000000002,30.1125,27.141666666666666,33.9,29.45833333333333,25.191666666666663,21.35,14.6875,27.34166666666667,29.683333333333334,32.00416666666667,27.1625,23.15833333333333,19.991666666666667,31.52083333333333,63.29166666666666,75.54166666666667,76.875,72.625,58.458333333333336,60.91666666666666,51.833333333333336,54.958333333333336,45.79166666666666,56.125,49.833333333333336,48.875,58.75,65.16666666666667,54.958333333333336
Mexico,Mexico City,19.4326,-99.1332,26.774,6.574,16.517748,23.429127,3.1065912,12.960674,0.0,22.553934,5.6603894,15.783333333333331,10.9,452.9583333333333,35.05833333333333,17.641666666666666,52.583333333333336,2024-02-11,21,76,150,247,16.517748,17.038582,18.284416,17.790667,15.690666,14.851082,15.496917,13.659415,14.573998,13.682332,14.955247,15.46775,14.178166,13.196918,15.090667,12.960674,13.779286,15.912834,15.058782,12.92636,11.57003,11.653069,10.658513,11.60922,11.801887,12.483647,12.371905,10.922349,10.251405,12.933829,0.0,0.0,0.0,0.0,0.0,0.0,0.0,0.0,0.0,0.0,0.0,0.1,0.0,0.0,0.0,22.553934,24.48,23.277834,21.647945,18.709612,19.245697,18.057508,17.309973,20.63023,24.184391,19.083395,16.93531,22.9724,21.915693,21.382906,15.783333333333331,19.33333333333333,31.29583333333333,29.8125,30.525,21.945833333333336,17.787499999999998,16.224999999999998,10.8375,31.245833333333334,39.24166666666667,33.75416666666667,27.65833333333333,23.15,15.495833333333332,10.9,13.241666666666667,21.629166666666663,20.6625,21.26666666666667,15.225,12.070833333333333,11.245833333333332,7.395833333333333,21.375,26.27083333333333,22.566666666666663,18.529166666666665,15.925,10.745833333333332,452.9583333333333,458.8333333333333,744.0416666666666,779.4583333333334,757.7083333333334,494.2916666666667,401.2083333333333,516.125,320.9583333333333,763.0,546.3333333333334,465.4166666666667,333.25,332.6666666666667,313.7916666666667,35.05833333333333,35.19166666666667,51.79166666666666,53.87916666666666,51.11666666666667,42.84583333333333,38.020833333333336,38.18333333333333,23.445833333333336,44.1625,40.53333333333333,39.42916666666667,27.97083333333333,27.25,23.14583333333333,17.641666666666666,17.775000000000002,30.1125,27.141666666666666,33.9,29.45833333333333,25.191666666666663,21.35,14.6875,27.34166666666667,29.683333333333334,32.00416666666667,27.1625,23.15833333333333,19.991666666666667,52.583333333333336,63.29166666666666,75.54166666666667,76.875,72.625,58.458333333333336,60.91666666666666,51.833333333333336,54.958333333333336,45.79166666666666,56.125,49.833333333333336,48.875,58.75,65.16666666666667
Mexico,Mexico City,19.4326,-99.1332,26.624,8.174,16.728167,24.290009,4.5465174,13.104169,0.0,23.950148,5.1434274,18.2125,12.2375,476.6666666666667,34.44166666666667,18.6875,50.0,2024-02-12,21,61,117,199,16.728167,16.517748,17.038582,18.284416,17.790667,15.690666,14.851082,15.496917,13.659415,14.573998,13.682332,14.955247,15.46775,14.178166,13.196918,13.104169,12.960674,13.779286,15.912834,15.058782,12.92636,11.57003,11.653069,10.658513,11.60922,11.801887,12.483647,12.371905,10.922349,10.251405,0.0,0.0,0.0,0.0,0.0,0.0,0.0,0.0,0.0,0.0,0.0,0.0,0.1,0.0,0.0,23.950148,22.553934,24.48,23.277834,21.647945,18.709612,19.245697,18.057508,17.309973,20.63023,24.184391,19.083395,16.93531,22.9724,21.915693,18.2125,15.783333333333331,19.33333333333333,31.29583333333333,29.8125,30.525,21.945833333333336,17.787499999999998,16.224999999999998,10.8375,31.245833333333334,39.24166666666667,33.75416666666667,27.65833333333333,23.15,12.2375,10.9,13.241666666666667,21.629166666666663,20.6625,21.26666666666667,15.225,12.070833333333333,11.245833333333332,7.395833333333333,21.375,26.27083333333333,22.566666666666663,18.529166666666665,15.925,476.6666666666667,452.9583333333333,458.8333333333333,744.0416666666666,779.4583333333334,757.7083333333334,494.2916666666667,401.2083333333333,516.125,320.9583333333333,763.0,546.3333333333334,465.4166666666667,333.25,332.6666666666667,34.44166666666667,35.05833333333333,35.19166666666667,51.79166666666666,53.87916666666666,51.11666666666667,42.84583333333333,38.020833333333336,38.18333333333333,23.445833333333336,44.1625,40.53333333333333,39.42916666666667,27.97083333333333,27.25,18.6875,17.641666666666666,17.775000000000002,30.1125,27.141666666666666,33.9,29.45833333333333,25.191666666666663,21.35,14.6875,27.34166666666667,29.683333333333334,32.00416666666667,27.1625,23.15833333333333,50.0,52.583333333333336,63.29166666666666,75.54166666666667,76.875,72.625,58.458333333333336,60.91666666666666,51.833333333333336,54.958333333333336,45.79166666666666,56.125,49.833333333333336,48.875,58.75
Mexico,Mexico City,19.4326,-99.1332,24.524,8.174,16.388582,22.272308,6.031803,13.91685,0.0,20.61766,4.058516,32.21666666666667,21.525,548.4583333333334,33.016666666666666,29.2,63.25,2024-02-13,40,67,138,245,16.388582,16.728167,16.517748,17.038582,18.284416,17.790667,15.690666,14.851082,15.496917,13.659415,14.573998,13.682332,14.955247,15.46775,14.178166,13.91685,13.104169,12.960674,13.779286,15.912834,15.058782,12.92636,11.57003,11.653069,10.658513,11.60922,11.801887,12.483647,12.371905,10.922349,0.0,0.0,0.0,0.0,0.0,0.0,0.0,0.0,0.0,0.0,0.0,0.0,0.0,0.1,0.0,20.61766,23.950148,22.553934,24.48,23.277834,21.647945,18.709612,19.245697,18.057508,17.309973,20.63023,24.184391,19.083395,16.93531,22.9724,32.21666666666667,18.2125,15.783333333333331,19.33333333333333,31.29583333333333,29.8125,30.525,21.945833333333336,17.787499999999998,16.224999999999998,10.8375,31.245833333333334,39.24166666666667,33.75416666666667,27.65833333333333,21.525,12.2375,10.9,13.241666666666667,21.629166666666663,20.6625,21.26666666666667,15.225,12.070833333333333,11.245833333333332,7.395833333333333,21.375,26.27083333333333,22.566666666666663,18.529166666666665,548.4583333333334,476.6666666666667,452.9583333333333,458.8333333333333,744.0416666666666,779.4583333333334,757.7083333333334,494.2916666666667,401.2083333333333,516.125,320.9583333333333,763.0,546.3333333333334,465.4166666666667,333.25,33.016666666666666,34.44166666666667,35.05833333333333,35.19166666666667,51.79166666666666,53.87916666666666,51.11666666666667,42.84583333333333,38.020833333333336,38.18333333333333,23.445833333333336,44.1625,40.53333333333333,39.42916666666667,27.97083333333333,29.2,18.6875,17.641666666666666,17.775000000000002,30.1125,27.141666666666666,33.9,29.45833333333333,25.191666666666663,21.35,14.6875,27.34166666666667,29.683333333333334,32.00416666666667,27.1625,63.25,50.0,52.583333333333336,63.29166666666666,75.54166666666667,76.875,72.625,58.458333333333336,60.91666666666666,51.833333333333336,54.958333333333336,45.79166666666666,56.125,49.833333333333336,48.875
Mexico,Mexico City,19.4326,-99.1332,22.824001,8.274,16.136501,20.91009,6.6334352,14.127495,0.0,14.77755,3.768706,32.041666666666664,21.475,554.2916666666666,36.1125,27.72083333333333,64.75,2024-02-14,25,65,131,221,16.136501,16.388582,16.728167,16.517748,17.038582,18.284416,17.790667,15.690666,14.851082,15.496917,13.659415,14.573998,13.682332,14.955247,15.46775,14.127495,13.91685,13.104169,12.960674,13.779286,15.912834,15.058782,12.92636,11.57003,11.653069,10.658513,11.60922,11.801887,12.483647,12.371905,0.0,0.0,0.0,0.0,0.0,0.0,0.0,0.0,0.0,0.0,0.0,0.0,0.0,0.0,0.1,14.77755,20.61766,23.950148,22.553934,24.48,23.277834,21.647945,18.709612,19.245697,18.057508,17.309973,20.63023,24.184391,19.083395,16.93531,32.041666666666664,32.21666666666667,18.2125,15.783333333333331,19.33333333333333,31.29583333333333,29.8125,30.525,21.945833333333336,17.787499999999998,16.224999999999998,10.8375,31.245833333333334,39.24166666666667,33.75416666666667,21.475,21.525,12.2375,10.9,13.241666666666667,21.629166666666663,20.6625,21.26666666666667,15.225,12.070833333333333,11.245833333333332,7.395833333333333,21.375,26.27083333333333,22.566666666666663,554.2916666666666,548.4583333333334,476.6666666666667,452.9583333333333,458.8333333333333,744.0416666666666,779.4583333333334,757.7083333333334,494.2916666666667,401.2083333333333,516.125,320.9583333333333,763.0,546.3333333333334,465.4166666666667,36.1125,33.016666666666666,34.44166666666667,35.05833333333333,35.19166666666667,51.79166666666666,53.87916666666666,51.11666666666667,42.84583333333333,38.020833333333336,38.18333333333333,23.445833333333336,44.1625,40.53333333333333,39.42916666666667,27.72083333333333,29.2,18.6875,17.641666666666666,17.775000000000002,30.1125,27.141666666666666,33.9,29.45833333333333,25.191666666666663,21.35,14.6875,27.34166666666667,29.683333333333334,32.00416666666667,64.75,63.25,50.0,52.583333333333336,63.29166666666666,75.54166666666667,76.875,72.625,58.458333333333336,60.91666666666666,51.833333333333336,54.958333333333336,45.79166666666666,56.125,49.833333333333336
Mexico,Mexico City,19.4326,-99.1332,25.774,10.424,17.438583,24.349463,9.39668,15.432416,0.0,21.9718,4.481184,35.05416666666667,22.47083333333333,292.4583333333333,20.320833333333333,19.25,75.83333333333333,2024-02-15,35,76,151,262,17.438583,16.136501,16.388582,16.728167,16.517748,17.038582,18.284416,17.790667,15.690666,14.851082,15.496917,13.659415,14.573998,13.682332,14.955247,15.432416,14.127495,13.91685,13.104169,12.960674,13.779286,15.912834,15.058782,12.92636,11.57003,11.653069,10.658513,11.60922,11.801887,12.483647,0.0,0.0,0.0,0.0,0.0,0.0,0.0,0.0,0.0,0.0,0.0,0.0,0.0,0.0,0.0,21.9718,14.77755,20.61766,23.950148,22.553934,24.48,23.277834,21.647945,18.709612,19.245697,18.057508,17.309973,20.63023,24.184391,19.083395,35.05416666666667,32.041666666666664,32.21666666666667,18.2125,15.783333333333331,19.33333333333333,31.29583333333333,29.8125,30.525,21.945833333333336,17.787499999999998,16.224999999999998,10.8375,31.245833333333334,39.24166666666667,22.47083333333333,21.475,21.525,12.2375,10.9,13.241666666666667,21.629166666666663,20.6625,21.26666666666667,15.225,12.070833333333333,11.245833333333332,7.395833333333333,21.375,26.27083333333333,292.4583333333333,554.2916666666666,548.4583333333334,476.6666666666667,452.9583333333333,458.8333333333333,744.0416666666666,779.4583333333334,757.7083333333334,494.2916666666667,401.2083333333333,516.125,320.9583333333333,763.0,546.3333333333334,20.320833333333333,36.1125,33.016666666666666,34.44166666666667,35.05833333333333,35.19166666666667,51.79166666666666,53.87916666666666,51.11666666666667,42.84583333333333,38.020833333333336,38.18333333333333,23.445833333333336,44.1625,40.53333333333333,19.25,27.72083333333333,29.2,18.6875,17.641666666666666,17.775000000000002,30.1125,27.141666666666666,33.9,29.45833333333333,25.191666666666663,21.35,14.6875,27.34166666666667,29.683333333333334,75.83333333333333,64.75,63.25,50.0,52.583333333333336,63.29166666666666,75.54166666666667,76.875,72.625,58.458333333333336,60.91666666666666,51.833333333333336,54.958333333333336,45.79166666666666,56.125
Mexico,Mexico City,19.4326,-99.1332,24.674002,7.174,15.951084,21.137323,5.6188507,13.281064,0.0,28.44,4.6087685,26.52083333333333,18.03333333333333,569.4166666666666,34.93333333333333,21.008333333333333,53.125,2024-02-16,34,68,141,243,15.951084,17.438583,16.136501,16.388582,16.728167,16.517748,17.038582,18.284416,17.790667,15.690666,14.851082,15.496917,13.659415,14.573998,13.682332,13.281064,15.432416,14.127495,13.91685,13.104169,12.960674,13.779286,15.912834,15.058782,12.92636,11.57003,11.653069,10.658513,11.60922,11.801887,0.0,0.0,0.0,0.0,0.0,0.0,0.0,0.0,0.0,0.0,0.0,0.0,0.0,0.0,0.0,28.44,21.9718,14.77755,20.61766,23.950148,22.553934,24.48,23.277834,21.647945,18.709612,19.245697,18.057508,17.309973,20.63023,24.184391,26.52083333333333,35.05416666666667,32.041666666666664,32.21666666666667,18.2125,15.783333333333331,19.33333333333333,31.29583333333333,29.8125,30.525,21.945833333333336,17.787499999999998,16.224999999999998,10.8375,31.245833333333334,18.03333333333333,22.47083333333333,21.475,21.525,12.2375,10.9,13.241666666666667,21.629166666666663,20.6625,21.26666666666667,15.225,12.070833333333333,11.245833333333332,7.395833333333333,21.375,569.4166666666666,292.4583333333333,554.2916666666666,548.4583333333334,476.6666666666667,452.9583333333333,458.8333333333333,744.0416666666666,779.4583333333334,757.7083333333334,494.2916666666667,401.2083333333333,516.125,320.9583333333333,763.0,34.93333333333333,20.320833333333333,36.1125,33.016666666666666,34.44166666666667,35.05833333333333,35.19166666666667,51.79166666666666,53.87916666666666,51.11666666666667,42.84583333333333,38.020833333333336,38.18333333333333,23.445833333333336,44.1625,21.008333333333333,19.25,27.72083333333333,29.2,18.6875,17.641666666666666,17.775000000000002,30.1125,27.141666666666666,33.9,29.45833333333333,25.191666666666663,21.35,14.6875,27.34166666666667,53.125,75.83333333333333,64.75,63.25,50.0,52.583333333333336,63.29166666666666,75.54166666666667,76.875,72.625,58.458333333333336,60.91666666666666,51.833333333333336,54.958333333333336,45.79166666666666
Mexico,Mexico City,19.4326,-99.1332,19.724,9.374,14.1656685,14.936544,7.3028946,11.708176,10.9,24.187069,2.4708276,18.929166666666667,12.9125,251.4583333333333,18.33333333333333,12.729166666666666,59.79166666666666,2024-02-17,27,68,154,249,14.1656685,15.951084,17.438583,16.136501,16.388582,16.728167,16.517748,17.038582,18.284416,17.790667,15.690666,14.851082,15.496917,13.659415,14.573998,11.708176,13.281064,15.432416,14.127495,13.91685,13.104169,12.960674,13.779286,15.912834,15.058782,12.92636,11.57003,11.653069,10.658513,11.60922,10.9,0.0,0.0,0.0,0.0,0.0,0.0,0.0,0.0,0.0,0.0,0.0,0.0,0.0,0.0,24.187069,28.44,21.9718,14.77755,20.61766,23.950148,22.553934,24.48,23.277834,21.647945,18.709612,19.245697,18.057508,17.309973,20.63023,18.929166666666667,26.52083333333333,35.05416666666667,32.041666666666664,32.21666666666667,18.2125,15.783333333333331,19.33333333333333,31.29583333333333,29.8125,30.525,21.945833333333336,17.787499999999998,16.224999999999998,10.8375,12.9125,18.03333333333333,22.47083333333333,21.475,21.525,12.2375,10.9,13.241666666666667,21.629166666666663,20.6625,21.26666666666667,15.225,12.070833333333333,11.245833333333332,7.395833333333333,251.4583333333333,569.4166666666666,292.4583333333333,554.2916666666666,548.4583333333334,476.6666666666667,452.9583333333333,458.8333333333333,744.0416666666666,779.4583333333334,757.7083333333334,494.2916666666667,401.2083333333333,516.125,320.9583333333333,18.33333333333333,34.93333333333333,20.320833333333333,36.1125,33.016666666666666,34.44166666666667,35.05833333333333,35.19166666666667,51.79166666666666,53.87916666666666,51.11666666666667,42.84583333333333,38.020833333333336,38.18333333333333,23.445833333333336,12.729166666666666,21.008333333333333,19.25,27.72083333333333,29.2,18.6875,17.641666666666666,17.775000000000002,30.1125,27.141666666666666,33.9,29.45833333333333,25.191666666666663,21.35,14.6875,59.79166666666666,53.125,75.83333333333333,64.75,63.25,50.0,52.583333333333336,63.29166666666666,75.54166666666667,76.875,72.625,58.458333333333336,60.91666666666666,51.833333333333336,54.958333333333336
Mexico,Mexico City,19.4326,-99.1332,19.974,6.074,10.932334,18.054218,4.0262327,9.146509,0.0,17.727943,3.964662,26.4625,18.258333333333333,525.5833333333334,32.420833333333334,25.4875,59.54166666666666,2024-02-18,31,69,136,236,10.932334,14.1656685,15.951084,17.438583,16.136501,16.388582,16.728167,16.517748,17.038582,18.284416,17.790667,15.690666,14.851082,15.496917,13.659415,9.146509,11.708176,13.281064,15.432416,14.127495,13.91685,13.104169,12.960674,13.779286,15.912834,15.058782,12.92636,11.57003,11.653069,10.658513,0.0,10.9,0.0,0.0,0.0,0.0,0.0,0.0,0.0,0.0,0.0,0.0,0.0,0.0,0.0,17.727943,24.187069,28.44,21.9718,14.77755,20.61766,23.950148,22.553934,24.48,23.277834,21.647945,18.709612,19.245697,18.057508,17.309973,26.4625,18.929166666666667,26.52083333333333,35.05416666666667,32.041666666666664,32.21666666666667,18.2125,15.783333333333331,19.33333333333333,31.29583333333333,29.8125,30.525,21.945833333333336,17.787499999999998,16.224999999999998,18.258333333333333,12.9125,18.03333333333333,22.47083333333333,21.475,21.525,12.2375,10.9,13.241666666666667,21.629166666666663,20.6625,21.26666666666667,15.225,12.070833333333333,11.245833333333332,525.5833333333334,251.4583333333333,569.4166666666666,292.4583333333333,554.2916666666666,548.4583333333334,476.6666666666667,452.9583333333333,458.8333333333333,744.0416666666666,779.4583333333334,757.7083333333334,494.2916666666667,401.2083333333333,516.125,32.420833333333334,18.33333333333333,34.93333333333333,20.320833333333333,36.1125,33.016666666666666,34.44166666666667,35.05833333333333,35.19166666666667,51.79166666666666,53.87916666666666,51.11666666666667,42.84583333333333,38.020833333333336,38.18333333333333,25.4875,12.729166666666666,21.008333333333333,19.25,27.72083333333333,29.2,18.6875,17.641666666666666,17.775000000000002,30.1125,27.141666666666666,33.9,29.45833333333333,25.191666666666663,21.35,59.54166666666666,59.79166666666666,53.125,75.83333333333333,64.75,63.25,50.0,52.583333333333336,63.29166666666666,75.54166666666667,76.875,72.625,58.458333333333336,60.91666666666666,51.833333333333336
Mexico,Mexico City,19.4326,-99.1332,23.624,5.574,13.353166,22.645016,3.0094604,11.345006,0.0,11.720751,4.6495504,29.1375,20.1625,641.0,50.89166666666667,28.691666666666663,68.41666666666667,2024-02-19,20,74,143,237,13.353166,10.932334,14.1656685,15.951084,17.438583,16.136501,16.388582,16.728167,16.517748,17.038582,18.284416,17.790667,15.690666,14.851082,15.496917,11.345006,9.146509,11.708176,13.281064,15.432416,14.127495,13.91685,13.104169,12.960674,13.779286,15.912834,15.058782,12.92636,11.57003,11.653069,0.0,0.0,10.9,0.0,0.0,0.0,0.0,0.0,0.0,0.0,0.0,0.0,0.0,0.0,0.0,11.720751,17.727943,24.187069,28.44,21.9718,14.77755,20.61766,23.950148,22.553934,24.48,23.277834,21.647945,18.709612,19.245697,18.057508,29.1375,26.4625,18.929166666666667,26.52083333333333,35.05416666666667,32.041666666666664,32.21666666666667,18.2125,15.783333333333331,19.33333333333333,31.29583333333333,29.8125,30.525,21.945833333333336,17.787499999999998,20.1625,18.258333333333333,12.9125,18.03333333333333,22.47083333333333,21.475,21.525,12.2375,10.9,13.241666666666667,21.629166666666663,20.6625,21.26666666666667,15.225,12.070833333333333,641.0,525.5833333333334,251.4583333333333,569.4166666666666,292.4583333333333,554.2916666666666,548.4583333333334,476.6666666666667,452.9583333333333,458.8333333333333,744.0416666666666,779.4583333333334,757.7083333333334,494.2916666666667,401.2083333333333,50.89166666666667,32.420833333333334,18.33333333333333,34.93333333333333,20.320833333333333,36.1125,33.016666666666666,34.44166666666667,35.05833333333333,35.19166666666667,51.79166666666666,53.87916666666666,51.11666666666667,42.84583333333333,38.020833333333336,28.691666666666663,25.4875,12.729166666666666,21.008333333333333,19.25,27.72083333333333,29.2,18.6875,17.641666666666666,17.775000000000002,30.1125,27.141666666666666,33.9,29.45833333333333,25.191666666666663,68.41666666666667,59.54166666666666,59.79166666666666,53.125,75.83333333333333,64.75,63.25,50.0,52.583333333333336,63.29166666666666,75.54166666666667,76.875,72.625,58.458333333333336,60.91666666666666
Mexico,Mexico City,19.4326,-99.1332,24.624,4.974,14.471916,22.05636,2.1455498,11.934815,0.0,12.682018,5.111102,33.5875,23.2125,620.9583333333334,53.27916666666667,30.34166666666667,84.75,2024-02-20,23,72,166,261,14.471916,13.353166,10.932334,14.1656685,15.951084,17.438583,16.136501,16.388582,16.728167,16.517748,17.038582,18.284416,17.790667,15.690666,14.851082,11.934815,11.345006,9.146509,11.708176,13.281064,15.432416,14.127495,13.91685,13.104169,12.960674,13.779286,15.912834,15.058782,12.92636,11.57003,0.0,0.0,0.0,10.9,0.0,0.0,0.0,0.0,0.0,0.0,0.0,0.0,0.0,0.0,0.0,12.682018,11.720751,17.727943,24.187069,28.44,21.9718,14.77755,20.61766,23.950148,22.553934,24.48,23.277834,21.647945,18.709612,19.245697,33.5875,29.1375,26.4625,18.929166666666667,26.52083333333333,35.05416666666667,32.041666666666664,32.21666666666667,18.2125,15.783333333333331,19.33333333333333,31.29583333333333,29.8125,30.525,21.945833333333336,23.2125,20.1625,18.258333333333333,12.9125,18.03333333333333,22.47083333333333,21.475,21.525,12.2375,10.9,13.241666666666667,21.629166666666663,20.6625,21.26666666666667,15.225,620.9583333333334,641.0,525.5833333333334,251.4583333333333,569.4166666666666,292.4583333333333,554.2916666666666,548.4583333333334,476.6666666666667,452.9583333333333,458.8333333333333,744.0416666666666,779.4583333333334,757.7083333333334,494.2916666666667,53.27916666666667,50.89166666666667,32.420833333333334,18.33333333333333,34.93333333333333,20.320833333333333,36.1125,33.016666666666666,34.44166666666667,35.05833333333333,35.19166666666667,51.79166666666666,53.87916666666666,51.11666666666667,42.84583333333333,30.34166666666667,28.691666666666663,25.4875,12.729166666666666,21.008333333333333,19.25,27.72083333333333,29.2,18.6875,17.641666666666666,17.775000000000002,30.1125,27.141666666666666,33.9,29.45833333333333,84.75,68.41666666666667,59.54166666666666,59.79166666666666,53.125,75.83333333333333,64.75,63.25,50.0,52.583333333333336,63.29166666666666,75.54166666666667,76.875,72.625,58.458333333333336
Mexico,Mexico City,19.4326,-99.1332,26.624,4.724,15.14275,25.538244,2.3092198,12.972542,0.0,14.48972,5.093018,28.22083333333333,19.60833333333333,633.2083333333334,48.27916666666667,28.691666666666663,82.04166666666667,2024-02-21,34,66,132,232,15.14275,14.471916,13.353166,10.932334,14.1656685,15.951084,17.438583,16.136501,16.388582,16.728167,16.517748,17.038582,18.284416,17.790667,15.690666,12.972542,11.934815,11.345006,9.146509,11.708176,13.281064,15.432416,14.127495,13.91685,13.104169,12.960674,13.779286,15.912834,15.058782,12.92636,0.0,0.0,0.0,0.0,10.9,0.0,0.0,0.0,0.0,0.0,0.0,0.0,0.0,0.0,0.0,14.48972,12.682018,11.720751,17.727943,24.187069,28.44,21.9718,14.77755,20.61766,23.950148,22.553934,24.48,23.277834,21.647945,18.709612,28.22083333333333,33.5875,29.1375,26.4625,18.929166666666667,26.52083333333333,35.05416666666667,32.041666666666664,32.21666666666667,18.2125,15.783333333333331,19.33333333333333,31.29583333333333,29.8125,30.525,19.60833333333333,23.2125,20.1625,18.258333333333333,12.9125,18.03333333333333,22.47083333333333,21.475,21.525,12.2375,10.9,13.241666666666667,21.629166666666663,20.6625,21.26666666666667,633.2083333333334,620.9583333333334,641.0,525.5833333333334,251.4583333333333,569.4166666666666,292.4583333333333,554.2916666666666,548.4583333333334,476.6666666666667,452.9583333333333,458.8333333333333,744.0416666666666,779.4583333333334,757.7083333333334,48.27916666666667,53.27916666666667,50.89166666666667,32.420833333333334,18.33333333333333,34.93333333333333,20.320833333333333,36.1125,33.016666666666666,34.44166666666667,35.05833333333333,35.19166666666667,51.79166666666666,53.87916666666666,51.11666666666667,28.691666666666663,30.34166666666667,28.691666666666663,25.4875,12.729166666666666,21.008333333333333,19.25,27.72083333333333,29.2,18.6875,17.641666666666666,17.775000000000002,30.1125,27.141666666666666,33.9,82.04166666666667,84.75,68.41666666666667,59.54166666666666,59.79166666666666,53.125,75.83333333333333,64.75,63.25,50.0,52.583333333333336,63.29166666666666,75.54166666666667,76.875,72.625
Mexico,Mexico City,19.4326,-99.1332,28.574001,7.074,17.396917,26.256742,3.6535263,14.809021,0.0,11.212135,5.265546,32.95,22.575,711.9583333333334,58.40416666666667,24.46666666666667,77.20833333333333,2024-02-22,33,71,145,249,17.396917,15.14275,14.471916,13.353166,10.932334,14.1656685,15.951084,17.438583,16.136501,16.388582,16.728167,16.517748,17.038582,18.284416,17.790667,14.809021,12.972542,11.934815,11.345006,9.146509,11.708176,13.281064,15.432416,14.127495,13.91685,13.104169,12.960674,13.779286,15.912834,15.058782,0.0,0.0,0.0,0.0,0.0,10.9,0.0,0.0,0.0,0.0,0.0,0.0,0.0,0.0,0.0,11.212135,14.48972,12.682018,11.720751,17.727943,24.187069,28.44,21.9718,14.77755,20.61766,23.950148,22.553934,24.48,23.277834,21.647945,32.95,28.22083333333333,33.5875,29.1375,26.4625,18.929166666666667,26.52083333333333,35.05416666666667,32.041666666666664,32.21666666666667,18.2125,15.783333333333331,19.33333333333333,31.29583333333333,29.8125,22.575,19.60833333333333,23.2125,20.1625,18.258333333333333,12.9125,18.03333333333333,22.47083333333333,21.475,21.525,12.2375,10.9,13.241666666666667,21.629166666666663,20.6625,711.9583333333334,633.2083333333334,620.9583333333334,641.0,525.5833333333334,251.4583333333333,569.4166666666666,292.4583333333333,554.2916666666666,548.4583333333334,476.6666666666667,452.9583333333333,458.8333333333333,744.0416666666666,779.4583333333334,58.40416666666667,48.27916666666667,53.27916666666667,50.89166666666667,32.420833333333334,18.33333333333333,34.93333333333333,20.320833333333333,36.1125,33.016666666666666,34.44166666666667,35.05833333333333,35.19166666666667,51.79166666666666,53.87916666666666,24.46666666666667,28.691666666666663,30.34166666666667,28.691666666666663,25.4875,12.729166666666666,21.008333333333333,19.25,27.72083333333333,29.2,18.6875,17.641666666666666,17.775000000000002,30.1125,27.141666666666666,77.20833333333333,82.04166666666667,84.75,68.41666666666667,59.54166666666666,59.79166666666666,53.125,75.83333333333333,64.75,63.25,50.0,52.583333333333336,63.29166666666666,75.54166666666667,76.875
Mexico,Mexico City,19.4326,-99.1332,28.174002,8.674,18.619835,26.072273,5.2140636,15.534962,0.0,14.764389,5.46481,28.616666666666664,19.8,576.75,50.51666666666667,25.2375,86.04166666666667,2024-02-23,33,71,131,235,18.619835,17.396917,15.14275,14.471916,13.353166,10.932334,14.1656685,15.951084,17.438583,16.136501,16.388582,16.728167,16.517748,17.038582,18.284416,15.534962,14.809021,12.972542,11.934815,11.345006,9.146509,11.708176,13.281064,15.432416,14.127495,13.91685,13.104169,12.960674,13.779286,15.912834,0.0,0.0,0.0,0.0,0.0,0.0,10.9,0.0,0.0,0.0,0.0,0.0,0.0,0.0,0.0,14.764389,11.212135,14.48972,12.682018,11.720751,17.727943,24.187069,28.44,21.9718,14.77755,20.61766,23.950148,22.553934,24.48,23.277834,28.616666666666664,32.95,28.22083333333333,33.5875,29.1375,26.4625,18.929166666666667,26.52083333333333,35.05416666666667,32.041666666666664,32.21666666666667,18.2125,15.783333333333331,19.33333333333333,31.29583333333333,19.8,22.575,19.60833333333333,23.2125,20.1625,18.258333333333333,12.9125,18.03333333333333,22.47083333333333,21.475,21.525,12.2375,10.9,13.241666666666667,21.629166666666663,576.75,711.9583333333334,633.2083333333334,620.9583333333334,641.0,525.5833333333334,251.4583333333333,569.4166666666666,292.4583333333333,554.2916666666666,548.4583333333334,476.6666666666667,452.9583333333333,458.8333333333333,744.0416666666666,50.51666666666667,58.40416666666667,48.27916666666667,53.27916666666667,50.89166666666667,32.420833333333334,18.33333333333333,34.93333333333333,20.320833333333333,36.1125,33.016666666666666,34.44166666666667,35.05833333333333,35.19166666666667,51.79166666666666,25.2375,24.46666666666667,28.691666666666663,30.34166666666667,28.691666666666663,25.4875,12.729166666666666,21.008333333333333,19.25,27.72083333333333,29.2,18.6875,17.641666666666666,17.775000000000002,30.1125,86.04166666666667,77.20833333333333,82.04166666666667,84.75,68.41666666666667,59.54166666666666,59.79166666666666,53.125,75.83333333333333,64.75,63.25,50.0,52.583333333333336,63.29166666666666,75.54166666666667
Mexico,Mexico City,19.4326,-99.1332,27.674002,10.324,17.788584,26.809204,9.363137,16.269068,0.0,19.164717,5.0975943,32.3875,22.191666666666663,491.625,38.50833333333333,24.679166666666664,89.625,2024-02-24,34,79,159,272,17.788584,18.619835,17.396917,15.14275,14.471916,13.353166,10.932334,14.1656685,15.951084,17.438583,16.136501,16.388582,16.728167,16.517748,17.038582,16.269068,15.534962,14.809021,12.972542,11.934815,11.345006,9.146509,11.708176,13.281064,15.432416,14.127495,13.91685,13.104169,12.960674,13.779286,0.0,0.0,0.0,0.0,0.0,0.0,0.0,10.9,0.0,0.0,0.0,0.0,0.0,0.0,0.0,19.164717,14.764389,11.212135,14.48972,12.682018,11.720751,17.727943,24.187069,28.44,21.9718,14.77755,20.61766,23.950148,22.553934,24.48,32.3875,28.616666666666664,32.95,28.22083333333333,33.5875,29.1375,26.4625,18.929166666666667,26.52083333333333,35.05416666666667,32.041666666666664,32.21666666666667,18.2125,15.783333333333331,19.33333333333333,22.191666666666663,19.8,22.575,19.60833333333333,23.2125,20.1625,18.258333333333333,12.9125,18.03333333333333,22.47083333333333,21.475,21.525,12.2375,10.9,13.241666666666667,491.625,576.75,711.9583333333334,633.2083333333334,620.9583333333334,641.0,525.5833333333334,251.4583333333333,569.4166666666666,292.4583333333333,554.2916666666666,548.4583333333334,476.6666666666667,452.9583333333333,458.8333333333333,38.50833333333333,50.51666666666667,58.40416666666667,48.27916666666667,53.27916666666667,50.89166666666667,32.420833333333334,18.33333333333333,34.93333333333333,20.320833333333333,36.1125,33.016666666666666,34.44166666666667,35.05833333333333,35.19166666666667,24.679166666666664,25.2375,24.46666666666667,28.691666666666663,30.34166666666667,28.691666666666663,25.4875,12.729166666666666,21.008333333333333,19.25,27.72083333333333,29.2,18.6875,17.641666666666666,17.775000000000002,89.625,86.04166666666667,77.20833333333333,82.04166666666667,84.75,68.41666666666667,59.54166666666666,59.79166666666666,53.125,75.83333333333333,64.75,63.25,50.0,52.583333333333336,63.29166666666666
Mexico,Mexico City,19.4326,-99.1332,29.024,9.524,19.171915,25.783878,8.211387,16.902037,0.0,18.129137,5.835201,31.745833333333334,21.433333333333334,523.75,39.55,22.7875,68.79166666666667,2024-02-25,27,68,154,249,19.171915,17.788584,18.619835,17.396917,15.14275,14.471916,13.353166,10.932334,14.1656685,15.951084,17.438583,16.136501,16.388582,16.728167,16.517748,16.902037,16.269068,15.534962,14.809021,12.972542,11.934815,11.345006,9.146509,11.708176,13.281064,15.432416,14.127495,13.91685,13.104169,12.960674,0.0,0.0,0.0,0.0,0.0,0.0,0.0,0.0,10.9,0.0,0.0,0.0,0.0,0.0,0.0,18.129137,19.164717,14.764389,11.212135,14.48972,12.682018,11.720751,17.727943,24.187069,28.44,21.9718,14.77755,20.61766,23.950148,22.553934,31.745833333333334,32.3875,28.616666666666664,32.95,28.22083333333333,33.5875,29.1375,26.4625,18.929166666666667,26.52083333333333,35.05416666666667,32.041666666666664,32.21666666666667,18.2125,15.783333333333331,21.433333333333334,22.191666666666663,19.8,22.575,19.60833333333333,23.2125,20.1625,18.258333333333333,12.9125,18.03333333333333,22.47083333333333,21.475,21.525,12.2375,10.9,523.75,491.625,576.75,711.9583333333334,633.2083333333334,620.9583333333334,641.0,525.5833333333334,251.4583333333333,569.4166666666666,292.4583333333333,554.2916666666666,548.4583333333334,476.6666666666667,452.9583333333333,39.55,38.50833333333333,50.51666666666667,58.40416666666667,48.27916666666667,53.27916666666667,50.89166666666667,32.420833333333334,18.33333333333333,34.93333333333333,20.320833333333333,36.1125,33.016666666666666,34.44166666666667,35.05833333333333,22.7875,24.679166666666664,25.2375,24.46666666666667,28.691666666666663,30.34166666666667,28.691666666666663,25.4875,12.729166666666666,21.008333333333333,19.25,27.72083333333333,29.2,18.6875,17.641666666666666,68.79166666666667,89.625,86.04166666666667,77.20833333333333,82.04166666666667,84.75,68.41666666666667,59.54166666666666,59.79166666666666,53.125,75.83333333333333,64.75,63.25,50.0,52.583333333333336
Mexico,Mexico City,19.4326,-99.1332,28.324001,8.824,19.29275,26.633898,6.5101614,16.364542,0.0,19.130875,5.909542,22.416666666666668,15.558333333333332,463.5,35.920833333333334,21.775,61.04166666666666,2024-02-26,35,71,137,243,19.29275,19.171915,17.788584,18.619835,17.396917,15.14275,14.471916,13.353166,10.932334,14.1656685,15.951084,17.438583,16.136501,16.388582,16.728167,16.364542,16.902037,16.269068,15.534962,14.809021,12.972542,11.934815,11.345006,9.146509,11.708176,13.281064,15.432416,14.127495,13.91685,13.104169,0.0,0.0,0.0,0.0,0.0,0.0,0.0,0.0,0.0,10.9,0.0,0.0,0.0,0.0,0.0,19.130875,18.129137,19.164717,14.764389,11.212135,14.48972,12.682018,11.720751,17.727943,24.187069,28.44,21.9718,14.77755,20.61766,23.950148,22.416666666666668,31.745833333333334,32.3875,28.616666666666664,32.95,28.22083333333333,33.5875,29.1375,26.4625,18.929166666666667,26.52083333333333,35.05416666666667,32.041666666666664,32.21666666666667,18.2125,15.558333333333332,21.433333333333334,22.191666666666663,19.8,22.575,19.60833333333333,23.2125,20.1625,18.258333333333333,12.9125,18.03333333333333,22.47083333333333,21.475,21.525,12.2375,463.5,523.75,491.625,576.75,711.9583333333334,633.2083333333334,620.9583333333334,641.0,525.5833333333334,251.4583333333333,569.4166666666666,292.4583333333333,554.2916666666666,548.4583333333334,476.6666666666667,35.920833333333334,39.55,38.50833333333333,50.51666666666667,58.40416666666667,48.27916666666667,53.27916666666667,50.89166666666667,32.420833333333334,18.33333333333333,34.93333333333333,20.320833333333333,36.1125,33.016666666666666,34.44166666666667,21.775,22.7875,24.679166666666664,25.2375,24.46666666666667,28.691666666666663,30.34166666666667,28.691666666666663,25.4875,12.729166666666666,21.008333333333333,19.25,27.72083333333333,29.2,18.6875,61.04166666666666,68.79166666666667,89.625,86.04166666666667,77.20833333333333,82.04166666666667,84.75,68.41666666666667,59.54166666666666,59.79166666666666,53.125,75.83333333333333,64.75,63.25,50.0
Mexico,Mexico City,19.4326,-99.1332,28.824001,10.824,19.203167,26.718452,7.950425,16.553553,0.0,12.074766,5.399378,27.83333333333333,19.23333333333333,632.9583333333334,41.65833333333333,22.8,76.91666666666667,2024-02-27,27,58,147,232,19.203167,19.29275,19.171915,17.788584,18.619835,17.396917,15.14275,14.471916,13.353166,10.932334,14.1656685,15.951084,17.438583,16.136501,16.388582,16.553553,16.364542,16.902037,16.269068,15.534962,14.809021,12.972542,11.934815,11.345006,9.146509,11.708176,13.281064,15.432416,14.127495,13.91685,0.0,0.0,0.0,0.0,0.0,0.0,0.0,0.0,0.0,0.0,10.9,0.0,0.0,0.0,0.0,12.074766,19.130875,18.129137,19.164717,14.764389,11.212135,14.48972,12.682018,11.720751,17.727943,24.187069,28.44,21.9718,14.77755,20.61766,27.83333333333333,22.416666666666668,31.745833333333334,32.3875,28.616666666666664,32.95,28.22083333333333,33.5875,29.1375,26.4625,18.929166666666667,26.52083333333333,35.05416666666667,32.041666666666664,32.21666666666667,19.23333333333333,15.558333333333332,21.433333333333334,22.191666666666663,19.8,22.575,19.60833333333333,23.2125,20.1625,18.258333333333333,12.9125,18.03333333333333,22.47083333333333,21.475,21.525,632.9583333333334,463.5,523.75,491.625,576.75,711.9583333333334,633.2083333333334,620.9583333333334,641.0,525.5833333333334,251.4583333333333,569.4166666666666,292.4583333333333,554.2916666666666,548.4583333333334,41.65833333333333,35.920833333333334,39.55,38.50833333333333,50.51666666666667,58.40416666666667,48.27916666666667,53.27916666666667,50.89166666666667,32.420833333333334,18.33333333333333,34.93333333333333,20.320833333333333,36.1125,33.016666666666666,22.8,21.775,22.7875,24.679166666666664,25.2375,24.46666666666667,28.691666666666663,30.34166666666667,28.691666666666663,25.4875,12.729166666666666,21.008333333333333,19.25,27.72083333333333,29.2,76.91666666666667,61.04166666666666,68.79166666666667,89.625,86.04166666666667,77.20833333333333,82.04166666666667,84.75,68.41666666666667,59.54166666666666,59.79166666666666,53.125,75.83333333333333,64.75,63.25
Mexico,Mexico City,19.4326,-99.1332,28.374,11.024,19.498999,27.286577,8.986893,17.233316,0.0,19.107151,5.4697833,40.2875,27.60833333333333,693.9583333333334,52.99583333333334,29.22083333333333,91.08333333333331,2024-02-28,36,73,161,270,19.498999,19.203167,19.29275,19.171915,17.788584,18.619835,17.396917,15.14275,14.471916,13.353166,10.932334,14.1656685,15.951084,17.438583,16.136501,17.233316,16.553553,16.364542,16.902037,16.269068,15.534962,14.809021,12.972542,11.934815,11.345006,9.146509,11.708176,13.281064,15.432416,14.127495,0.0,0.0,0.0,0.0,0.0,0.0,0.0,0.0,0.0,0.0,0.0,10.9,0.0,0.0,0.0,19.107151,12.074766,19.130875,18.129137,19.164717,14.764389,11.212135,14.48972,12.682018,11.720751,17.727943,24.187069,28.44,21.9718,14.77755,40.2875,27.83333333333333,22.416666666666668,31.745833333333334,32.3875,28.616666666666664,32.95,28.22083333333333,33.5875,29.1375,26.4625,18.929166666666667,26.52083333333333,35.05416666666667,32.041666666666664,27.60833333333333,19.23333333333333,15.558333333333332,21.433333333333334,22.191666666666663,19.8,22.575,19.60833333333333,23.2125,20.1625,18.258333333333333,12.9125,18.03333333333333,22.47083333333333,21.475,693.9583333333334,632.9583333333334,463.5,523.75,491.625,576.75,711.9583333333334,633.2083333333334,620.9583333333334,641.0,525.5833333333334,251.4583333333333,569.4166666666666,292.4583333333333,554.2916666666666,52.99583333333334,41.65833333333333,35.920833333333334,39.55,38.50833333333333,50.51666666666667,58.40416666666667,48.27916666666667,53.27916666666667,50.89166666666667,32.420833333333334,18.33333333333333,34.93333333333333,20.320833333333333,36.1125,29.22083333333333,22.8,21.775,22.7875,24.679166666666664,25.2375,24.46666666666667,28.691666666666663,30.34166666666667,28.691666666666663,25.4875,12.729166666666666,21.008333333333333,19.25,27.72083333333333,91.08333333333331,76.91666666666667,61.04166666666666,68.79166666666667,89.625,86.04166666666667,77.20833333333333,82.04166666666667,84.75,68.41666666666667,59.54166666666666,59.79166666666666,53.125,75.83333333333333,64.75
Mexico,Mexico City,19.4326,-99.1332,28.274,10.374,19.034416,26.200024,9.628025,16.702442,0.0,24.066206,6.094488,32.141666666666666,21.9875,460.5,34.90833333333333,22.83333333333333,108.91666666666669,2024-02-29,20,79,143,242,19.034416,19.498999,19.203167,19.29275,19.171915,17.788584,18.619835,17.396917,15.14275,14.471916,13.353166,10.932334,14.1656685,15.951084,17.438583,16.702442,17.233316,16.553553,16.364542,16.902037,16.269068,15.534962,14.809021,12.972542,11.934815,11.345006,9.146509,11.708176,13.281064,15.432416,0.0,0.0,0.0,0.0,0.0,0.0,0.0,0.0,0.0,0.0,0.0,0.0,10.9,0.0,0.0,24.066206,19.107151,12.074766,19.130875,18.129137,19.164717,14.764389,11.212135,14.48972,12.682018,11.720751,17.727943,24.187069,28.44,21.9718,32.141666666666666,40.2875,27.83333333333333,22.416666666666668,31.745833333333334,32.3875,28.616666666666664,32.95,28.22083333333333,33.5875,29.1375,26.4625,18.929166666666667,26.52083333333333,35.05416666666667,21.9875,27.60833333333333,19.23333333333333,15.558333333333332,21.433333333333334,22.191666666666663,19.8,22.575,19.60833333333333,23.2125,20.1625,18.258333333333333,12.9125,18.03333333333333,22.47083333333333,460.5,693.9583333333334,632.9583333333334,463.5,523.75,491.625,576.75,711.9583333333334,633.2083333333334,620.9583333333334,641.0,525.5833333333334,251.4583333333333,569.4166666666666,292.4583333333333,34.90833333333333,52.99583333333334,41.65833333333333,35.920833333333334,39.55,38.50833333333333,50.51666666666667,58.40416666666667,48.27916666666667,53.27916666666667,50.89166666666667,32.420833333333334,18.33333333333333,34.93333333333333,20.320833333333333,22.83333333333333,29.22083333333333,22.8,21.775,22.7875,24.679166666666664,25.2375,24.46666666666667,28.691666666666663,30.34166666666667,28.691666666666663,25.4875,12.729166666666666,21.008333333333333,19.25,108.91666666666669,91.08333333333331,76.91666666666667,61.04166666666666,68.79166666666667,89.625,86.04166666666667,77.20833333333333,82.04166666666667,84.75,68.41666666666667,59.54166666666666,59.79166666666666,53.125,75.83333333333333
Mexico,Mexico City,19.4326,-99.1332,27.374,9.624,18.501081,26.179596,7.7699976,16.191858,0.0,23.762726,5.647322,29.175,19.966666666666665,556.875,39.05416666666667,20.066666666666663,77.20833333333333,2024-03-01,31,68,134,233,18.501081,19.034416,19.498999,19.203167,19.29275,19.171915,17.788584,18.619835,17.396917,15.14275,14.471916,13.353166,10.932334,14.1656685,15.951084,16.191858,16.702442,17.233316,16.553553,16.364542,16.902037,16.269068,15.534962,14.809021,12.972542,11.934815,11.345006,9.146509,11.708176,13.281064,0.0,0.0,0.0,0.0,0.0,0.0,0.0,0.0,0.0,0.0,0.0,0.0,0.0,10.9,0.0,23.762726,24.066206,19.107151,12.074766,19.130875,18.129137,19.164717,14.764389,11.212135,14.48972,12.682018,11.720751,17.727943,24.187069,28.44,29.175,32.141666666666666,40.2875,27.83333333333333,22.416666666666668,31.745833333333334,32.3875,28.616666666666664,32.95,28.22083333333333,33.5875,29.1375,26.4625,18.929166666666667,26.52083333333333,19.966666666666665,21.9875,27.60833333333333,19.23333333333333,15.558333333333332,21.433333333333334,22.191666666666663,19.8,22.575,19.60833333333333,23.2125,20.1625,18.258333333333333,12.9125,18.03333333333333,556.875,460.5,693.9583333333334,632.9583333333334,463.5,523.75,491.625,576.75,711.9583333333334,633.2083333333334,620.9583333333334,641.0,525.5833333333334,251.4583333333333,569.4166666666666,39.05416666666667,34.90833333333333,52.99583333333334,41.65833333333333,35.920833333333334,39.55,38.50833333333333,50.51666666666667,58.40416666666667,48.27916666666667,53.27916666666667,50.89166666666667,32.420833333333334,18.33333333333333,34.93333333333333,20.066666666666663,22.83333333333333,29.22083333333333,22.8,21.775,22.7875,24.679166666666664,25.2375,24.46666666666667,28.691666666666663,30.34166666666667,28.691666666666663,25.4875,12.729166666666666,21.008333333333333,77.20833333333333,108.91666666666669,91.08333333333331,76.91666666666667,61.04166666666666,68.79166666666667,89.625,86.04166666666667,77.20833333333333,82.04166666666667,84.75,68.41666666666667,59.54166666666666,59.79166666666666,53.125
Mexico,Mexico City,19.4326,-99.1332,28.024,10.674,18.442747,25.434797,8.380983,16.040487,0.0,28.820242,5.72514,29.1375,20.016666666666666,613.7083333333334,39.80416666666667,20.97083333333333,74.45833333333333,2024-03-02,25,65,155,245,18.442747,18.501081,19.034416,19.498999,19.203167,19.29275,19.171915,17.788584,18.619835,17.396917,15.14275,14.471916,13.353166,10.932334,14.1656685,16.040487,16.191858,16.702442,17.233316,16.553553,16.364542,16.902037,16.269068,15.534962,14.809021,12.972542,11.934815,11.345006,9.146509,11.708176,0.0,0.0,0.0,0.0,0.0,0.0,0.0,0.0,0.0,0.0,0.0,0.0,0.0,0.0,10.9,28.820242,23.762726,24.066206,19.107151,12.074766,19.130875,18.129137,19.164717,14.764389,11.212135,14.48972,12.682018,11.720751,17.727943,24.187069,29.1375,29.175,32.141666666666666,40.2875,27.83333333333333,22.416666666666668,31.745833333333334,32.3875,28.616666666666664,32.95,28.22083333333333,33.5875,29.1375,26.4625,18.929166666666667,20.016666666666666,19.966666666666665,21.9875,27.60833333333333,19.23333333333333,15.558333333333332,21.433333333333334,22.191666666666663,19.8,22.575,19.60833333333333,23.2125,20.1625,18.258333333333333,12.9125,613.7083333333334,556.875,460.5,693.9583333333334,632.9583333333334,463.5,523.75,491.625,576.75,711.9583333333334,633.2083333333334,620.9583333333334,641.0,525.5833333333334,251.4583333333333,39.80416666666667,39.05416666666667,34.90833333333333,52.99583333333334,41.65833333333333,35.920833333333334,39.55,38.50833333333333,50.51666666666667,58.40416666666667,48.27916666666667,53.27916666666667,50.89166666666667,32.420833333333334,18.33333333333333,20.97083333333333,20.066666666666663,22.83333333333333,29.22083333333333,22.8,21.775,22.7875,24.679166666666664,25.2375,24.46666666666667,28.691666666666663,30.34166666666667,28.691666666666663,25.4875,12.729166666666666,74.45833333333333,77.20833333333333,108.91666666666669,91.08333333333331,76.91666666666667,61.04166666666666,68.79166666666667,89.625,86.04166666666667,77.20833333333333,82.04166666666667,84.75,68.41666666666667,59.54166666666666,59.79166666666666
Mexico,Mexico City,19.4326,-99.1332,28.024,10.024,18.123999,26.437813,7.2990446,15.271424,0.0,32.11071,5.979599,21.808333333333334,14.983333333333333,465.1666666666667,34.916666666666664,16.7375,67.79166666666667,2024-03-03,20,66,136,222,18.123999,18.442747,18.501081,19.034416,19.498999,19.203167,19.29275,19.171915,17.788584,18.619835,17.396917,15.14275,14.471916,13.353166,10.932334,15.271424,16.040487,16.191858,16.702442,17.233316,16.553553,16.364542,16.902037,16.269068,15.534962,14.809021,12.972542,11.934815,11.345006,9.146509,0.0,0.0,0.0,0.0,0.0,0.0,0.0,0.0,0.0,0.0,0.0,0.0,0.0,0.0,0.0,32.11071,28.820242,23.762726,24.066206,19.107151,12.074766,19.130875,18.129137,19.164717,14.764389,11.212135,14.48972,12.682018,11.720751,17.727943,21.808333333333334,29.1375,29.175,32.141666666666666,40.2875,27.83333333333333,22.416666666666668,31.745833333333334,32.3875,28.616666666666664,32.95,28.22083333333333,33.5875,29.1375,26.4625,14.983333333333333,20.016666666666666,19.966666666666665,21.9875,27.60833333333333,19.23333333333333,15.558333333333332,21.433333333333334,22.191666666666663,19.8,22.575,19.60833333333333,23.2125,20.1625,18.258333333333333,465.1666666666667,613.7083333333334,556.875,460.5,693.9583333333334,632.9583333333334,463.5,523.75,491.625,576.75,711.9583333333334,633.2083333333334,620.9583333333334,641.0,525.5833333333334,34.916666666666664,39.80416666666667,39.05416666666667,34.90833333333333,52.99583333333334,41.65833333333333,35.920833333333334,39.55,38.50833333333333,50.51666666666667,58.40416666666667,48.27916666666667,53.27916666666667,50.89166666666667,32.420833333333334,16.7375,20.97083333333333,20.066666666666663,22.83333333333333,29.22083333333333,22.8,21.775,22.7875,24.679166666666664,25.2375,24.46666666666667,28.691666666666663,30.34166666666667,28.691666666666663,25.4875,67.79166666666667,74.45833333333333,77.20833333333333,108.91666666666669,91.08333333333331,76.91666666666667,61.04166666666666,68.79166666666667,89.625,86.04166666666667,77.20833333333333,82.04166666666667,84.75,68.41666666666667,59.54166666666666
Mexico,Mexico City,19.4326,-99.1332,29.524,10.174,18.653164,26.608484,7.9359055,16.049967,0.0,27.897097,6.071246,21.891666666666666,14.975,459.2083333333333,34.57083333333333,16.1125,70.20833333333333,2024-03-04,37,56,127,220,18.653164,18.123999,18.442747,18.501081,19.034416,19.498999,19.203167,19.29275,19.171915,17.788584,18.619835,17.396917,15.14275,14.471916,13.353166,16.049967,15.271424,16.040487,16.191858,16.702442,17.233316,16.553553,16.364542,16.902037,16.269068,15.534962,14.809021,12.972542,11.934815,11.345006,0.0,0.0,0.0,0.0,0.0,0.0,0.0,0.0,0.0,0.0,0.0,0.0,0.0,0.0,0.0,27.897097,32.11071,28.820242,23.762726,24.066206,19.107151,12.074766,19.130875,18.129137,19.164717,14.764389,11.212135,14.48972,12.682018,11.720751,21.891666666666666,21.808333333333334,29.1375,29.175,32.141666666666666,40.2875,27.83333333333333,22.416666666666668,31.745833333333334,32.3875,28.616666666666664,32.95,28.22083333333333,33.5875,29.1375,14.975,14.983333333333333,20.016666666666666,19.966666666666665,21.9875,27.60833333333333,19.23333333333333,15.558333333333332,21.433333333333334,22.191666666666663,19.8,22.575,19.60833333333333,23.2125,20.1625,459.2083333333333,465.1666666666667,613.7083333333334,556.875,460.5,693.9583333333334,632.9583333333334,463.5,523.75,491.625,576.75,711.9583333333334,633.2083333333334,620.9583333333334,641.0,34.57083333333333,34.916666666666664,39.80416666666667,39.05416666666667,34.90833333333333,52.99583333333334,41.65833333333333,35.920833333333334,39.55,38.50833333333333,50.51666666666667,58.40416666666667,48.27916666666667,53.27916666666667,50.89166666666667,16.1125,16.7375,20.97083333333333,20.066666666666663,22.83333333333333,29.22083333333333,22.8,21.775,22.7875,24.679166666666664,25.2375,24.46666666666667,28.691666666666663,30.34166666666667,28.691666666666663,70.20833333333333,67.79166666666667,74.45833333333333,77.20833333333333,108.91666666666669,91.08333333333331,76.91666666666667,61.04166666666666,68.79166666666667,89.625,86.04166666666667,77.20833333333333,82.04166666666667,84.75,68.41666666666667
Mexico,Mexico City,19.4326,-99.1332,28.274,7.974,18.301083,26.196278,4.9785776,15.325017,0.0,29.574827,6.1151567,23.3125,16.099999999999998,529.25,37.0,17.208333333333332,60.375,2024-03-05,30,61,142,233,18.301083,18.653164,18.123999,18.442747,18.501081,19.034416,19.498999,19.203167,19.29275,19.171915,17.788584,18.619835,17.396917,15.14275,14.471916,15.325017,16.049967,15.271424,16.040487,16.191858,16.702442,17.233316,16.553553,16.364542,16.902037,16.269068,15.534962,14.809021,12.972542,11.934815,0.0,0.0,0.0,0.0,0.0,0.0,0.0,0.0,0.0,0.0,0.0,0.0,0.0,0.0,0.0,29.574827,27.897097,32.11071,28.820242,23.762726,24.066206,19.107151,12.074766,19.130875,18.129137,19.164717,14.764389,11.212135,14.48972,12.682018,23.3125,21.891666666666666,21.808333333333334,29.1375,29.175,32.141666666666666,40.2875,27.83333333333333,22.416666666666668,31.745833333333334,32.3875,28.616666666666664,32.95,28.22083333333333,33.5875,16.099999999999998,14.975,14.983333333333333,20.016666666666666,19.966666666666665,21.9875,27.60833333333333,19.23333333333333,15.558333333333332,21.433333333333334,22.191666666666663,19.8,22.575,19.60833333333333,23.2125,529.25,459.2083333333333,465.1666666666667,613.7083333333334,556.875,460.5,693.9583333333334,632.9583333333334,463.5,523.75,491.625,576.75,711.9583333333334,633.2083333333334,620.9583333333334,37.0,34.57083333333333,34.916666666666664,39.80416666666667,39.05416666666667,34.90833333333333,52.99583333333334,41.65833333333333,35.920833333333334,39.55,38.50833333333333,50.51666666666667,58.40416666666667,48.27916666666667,53.27916666666667,17.208333333333332,16.1125,16.7375,20.97083333333333,20.066666666666663,22.83333333333333,29.22083333333333,22.8,21.775,22.7875,24.679166666666664,25.2375,24.46666666666667,28.691666666666663,30.34166666666667,60.375,70.20833333333333,67.79166666666667,74.45833333333333,77.20833333333333,108.91666666666669,91.08333333333331,76.91666666666667,61.04166666666666,68.79166666666667,89.625,86.04166666666667,77.20833333333333,82.04166666666667,84.75
Mexico,Mexico City,19.4326,-99.1332,28.974,10.924,19.459417,26.879328,8.526834,17.04453,0.0,22.127556,6.0350785,29.183333333333334,20.008333333333333,575.4583333333334,39.91666666666666,20.85,84.79166666666667,2024-03-06,33,67,166,266,19.459417,18.301083,18.653164,18.123999,18.442747,18.501081,19.034416,19.498999,19.203167,19.29275,19.171915,17.788584,18.619835,17.396917,15.14275,17.04453,15.325017,16.049967,15.271424,16.040487,16.191858,16.702442,17.233316,16.553553,16.364542,16.902037,16.269068,15.534962,14.809021,12.972542,0.0,0.0,0.0,0.0,0.0,0.0,0.0,0.0,0.0,0.0,0.0,0.0,0.0,0.0,0.0,22.127556,29.574827,27.897097,32.11071,28.820242,23.762726,24.066206,19.107151,12.074766,19.130875,18.129137,19.164717,14.764389,11.212135,14.48972,29.183333333333334,23.3125,21.891666666666666,21.808333333333334,29.1375,29.175,32.141666666666666,40.2875,27.83333333333333,22.416666666666668,31.745833333333334,32.3875,28.616666666666664,32.95,28.22083333333333,20.008333333333333,16.099999999999998,14.975,14.983333333333333,20.016666666666666,19.966666666666665,21.9875,27.60833333333333,19.23333333333333,15.558333333333332,21.433333333333334,22.191666666666663,19.8,22.575,19.60833333333333,575.4583333333334,529.25,459.2083333333333,465.1666666666667,613.7083333333334,556.875,460.5,693.9583333333334,632.9583333333334,463.5,523.75,491.625,576.75,711.9583333333334,633.2083333333334,39.91666666666666,37.0,34.57083333333333,34.916666666666664,39.80416666666667,39.05416666666667,34.90833333333333,52.99583333333334,41.65833333333333,35.920833333333334,39.55,38.50833333333333,50.51666666666667,58.40416666666667,48.27916666666667,20.85,17.208333333333332,16.1125,16.7375,20.97083333333333,20.066666666666663,22.83333333333333,29.22083333333333,22.8,21.775,22.7875,24.679166666666664,25.2375,24.46666666666667,28.691666666666663,84.79166666666667,60.375,70.20833333333333,67.79166666666667,74.45833333333333,77.20833333333333,108.91666666666669,91.08333333333331,76.91666666666667,61.04166666666666,68.79166666666667,89.625,86.04166666666667,77.20833333333333,82.04166666666667
Mexico,Mexico City,19.4326,-99.1332,31.674002,10.924,20.240667,28.403976,8.758482,17.164621,0.0,25.96995,6.7484174,23.725,16.166666666666668,473.2083333333333,37.958333333333336,15.583333333333334,78.79166666666667,2024-03-07,31,53,117,201,20.240667,19.459417,18.301083,18.653164,18.123999,18.442747,18.501081,19.034416,19.498999,19.203167,19.29275,19.171915,17.788584,18.619835,17.396917,17.164621,17.04453,15.325017,16.049967,15.271424,16.040487,16.191858,16.702442,17.233316,16.553553,16.364542,16.902037,16.269068,15.534962,14.809021,0.0,0.0,0.0,0.0,0.0,0.0,0.0,0.0,0.0,0.0,0.0,0.0,0.0,0.0,0.0,25.96995,22.127556,29.574827,27.897097,32.11071,28.820242,23.762726,24.066206,19.107151,12.074766,19.130875,18.129137,19.164717,14.764389,11.212135,23.725,29.183333333333334,23.3125,21.891666666666666,21.808333333333334,29.1375,29.175,32.141666666666666,40.2875,27.83333333333333,22.416666666666668,31.745833333333334,32.3875,28.616666666666664,32.95,16.166666666666668,20.008333333333333,16.099999999999998,14.975,14.983333333333333,20.016666666666666,19.966666666666665,21.9875,27.60833333333333,19.23333333333333,15.558333333333332,21.433333333333334,22.191666666666663,19.8,22.575,473.2083333333333,575.4583333333334,529.25,459.2083333333333,465.1666666666667,613.7083333333334,556.875,460.5,693.9583333333334,632.9583333333334,463.5,523.75,491.625,576.75,711.9583333333334,37.958333333333336,39.91666666666666,37.0,34.57083333333333,34.916666666666664,39.80416666666667,39.05416666666667,34.90833333333333,52.99583333333334,41.65833333333333,35.920833333333334,39.55,38.50833333333333,50.51666666666667,58.40416666666667,15.583333333333334,20.85,17.208333333333332,16.1125,16.7375,20.97083333333333,20.066666666666663,22.83333333333333,29.22083333333333,22.8,21.775,22.7875,24.679166666666664,25.2375,24.46666666666667,78.79166666666667,84.79166666666667,60.375,70.20833333333333,67.79166666666667,74.45833333333333,77.20833333333333,108.91666666666669,91.08333333333331,76.91666666666667,61.04166666666666,68.79166666666667,89.625,86.04166666666667,77.20833333333333
Mexico,Mexico City,19.4326,-99.1332,32.474,9.324,19.592749,29.764954,5.9470377,16.254988,0.0,19.523155,6.512151,15.825,10.8875,384.2083333333333,32.5875,15.15,69.75,2024-03-08,20,61,124,205,19.592749,20.240667,19.459417,18.301083,18.653164,18.123999,18.442747,18.501081,19.034416,19.498999,19.203167,19.29275,19.171915,17.788584,18.619835,16.254988,17.164621,17.04453,15.325017,16.049967,15.271424,16.040487,16.191858,16.702442,17.233316,16.553553,16.364542,16.902037,16.269068,15.534962,0.0,0.0,0.0,0.0,0.0,0.0,0.0,0.0,0.0,0.0,0.0,0.0,0.0,0.0,0.0,19.523155,25.96995,22.127556,29.574827,27.897097,32.11071,28.820242,23.762726,24.066206,19.107151,12.074766,19.130875,18.129137,19.164717,14.764389,15.825,23.725,29.183333333333334,23.3125,21.891666666666666,21.808333333333334,29.1375,29.175,32.141666666666666,40.2875,27.83333333333333,22.416666666666668,31.745833333333334,32.3875,28.616666666666664,10.8875,16.166666666666668,20.008333333333333,16.099999999999998,14.975,14.983333333333333,20.016666666666666,19.966666666666665,21.9875,27.60833333333333,19.23333333333333,15.558333333333332,21.433333333333334,22.191666666666663,19.8,384.2083333333333,473.2083333333333,575.4583333333334,529.25,459.2083333333333,465.1666666666667,613.7083333333334,556.875,460.5,693.9583333333334,632.9583333333334,463.5,523.75,491.625,576.75,32.5875,37.958333333333336,39.91666666666666,37.0,34.57083333333333,34.916666666666664,39.80416666666667,39.05416666666667,34.90833333333333,52.99583333333334,41.65833333333333,35.920833333333334,39.55,38.50833333333333,50.51666666666667,15.15,15.583333333333334,20.85,17.208333333333332,16.1125,16.7375,20.97083333333333,20.066666666666663,22.83333333333333,29.22083333333333,22.8,21.775,22.7875,24.679166666666664,25.2375,69.75,78.79166666666667,84.79166666666667,60.375,70.20833333333333,67.79166666666667,74.45833333333333,77.20833333333333,108.91666666666669,91.08333333333331,76.91666666666667,61.04166666666666,68.79166666666667,89.625,86.04166666666667
Mexico,Mexico City,19.4326,-99.1332,31.024,9.624,20.026083,28.54026,6.104041,16.875122,0.0,24.798225,6.3583837,20.35,14.0625,527.1666666666666,39.85833333333333,18.945833333333333,66.04166666666667,2024-03-09,28,54,140,222,20.026083,19.592749,20.240667,19.459417,18.301083,18.653164,18.123999,18.442747,18.501081,19.034416,19.498999,19.203167,19.29275,19.171915,17.788584,16.875122,16.254988,17.164621,17.04453,15.325017,16.049967,15.271424,16.040487,16.191858,16.702442,17.233316,16.553553,16.364542,16.902037,16.269068,0.0,0.0,0.0,0.0,0.0,0.0,0.0,0.0,0.0,0.0,0.0,0.0,0.0,0.0,0.0,24.798225,19.523155,25.96995,22.127556,29.574827,27.897097,32.11071,28.820242,23.762726,24.066206,19.107151,12.074766,19.130875,18.129137,19.164717,20.35,15.825,23.725,29.183333333333334,23.3125,21.891666666666666,21.808333333333334,29.1375,29.175,32.141666666666666,40.2875,27.83333333333333,22.416666666666668,31.745833333333334,32.3875,14.0625,10.8875,16.166666666666668,20.008333333333333,16.099999999999998,14.975,14.983333333333333,20.016666666666666,19.966666666666665,21.9875,27.60833333333333,19.23333333333333,15.558333333333332,21.433333333333334,22.191666666666663,527.1666666666666,384.2083333333333,473.2083333333333,575.4583333333334,529.25,459.2083333333333,465.1666666666667,613.7083333333334,556.875,460.5,693.9583333333334,632.9583333333334,463.5,523.75,491.625,39.85833333333333,32.5875,37.958333333333336,39.91666666666666,37.0,34.57083333333333,34.916666666666664,39.80416666666667,39.05416666666667,34.90833333333333,52.99583333333334,41.65833333333333,35.920833333333334,39.55,38.50833333333333,18.945833333333333,15.15,15.583333333333334,20.85,17.208333333333332,16.1125,16.7375,20.97083333333333,20.066666666666663,22.83333333333333,29.22083333333333,22.8,21.775,22.7875,24.679166666666664,66.04166666666667,69.75,78.79166666666667,84.79166666666667,60.375,70.20833333333333,67.79166666666667,74.45833333333333,77.20833333333333,108.91666666666669,91.08333333333331,76.91666666666667,61.04166666666666,68.79166666666667,89.625
Mexico,Mexico City,19.4326,-99.1332,29.974,9.074,18.48025,27.201128,8.479004,16.10118,0.0,26.28986,6.121328,30.429166666666664,20.95,537.9583333333334,38.81666666666667,23.041666666666668,84.04166666666667,2024-03-10,21,64,148,233,18.48025,20.026083,19.592749,20.240667,19.459417,18.301083,18.653164,18.123999,18.442747,18.501081,19.034416,19.498999,19.203167,19.29275,19.171915,16.10118,16.875122,16.254988,17.164621,17.04453,15.325017,16.049967,15.271424,16.040487,16.191858,16.702442,17.233316,16.553553,16.364542,16.902037,0.0,0.0,0.0,0.0,0.0,0.0,0.0,0.0,0.0,0.0,0.0,0.0,0.0,0.0,0.0,26.28986,24.798225,19.523155,25.96995,22.127556,29.574827,27.897097,32.11071,28.820242,23.762726,24.066206,19.107151,12.074766,19.130875,18.129137,30.429166666666664,20.35,15.825,23.725,29.183333333333334,23.3125,21.891666666666666,21.808333333333334,29.1375,29.175,32.141666666666666,40.2875,27.83333333333333,22.416666666666668,31.745833333333334,20.95,14.0625,10.8875,16.166666666666668,20.008333333333333,16.099999999999998,14.975,14.983333333333333,20.016666666666666,19.966666666666665,21.9875,27.60833333333333,19.23333333333333,15.558333333333332,21.433333333333334,537.9583333333334,527.1666666666666,384.2083333333333,473.2083333333333,575.4583333333334,529.25,459.2083333333333,465.1666666666667,613.7083333333334,556.875,460.5,693.9583333333334,632.9583333333334,463.5,523.75,38.81666666666667,39.85833333333333,32.5875,37.958333333333336,39.91666666666666,37.0,34.57083333333333,34.916666666666664,39.80416666666667,39.05416666666667,34.90833333333333,52.99583333333334,41.65833333333333,35.920833333333334,39.55,23.041666666666668,18.945833333333333,15.15,15.583333333333334,20.85,17.208333333333332,16.1125,16.7375,20.97083333333333,20.066666666666663,22.83333333333333,29.22083333333333,22.8,21.775,22.7875,84.04166666666667,66.04166666666667,69.75,78.79166666666667,84.79166666666667,60.375,70.20833333333333,67.79166666666667,74.45833333333333,77.20833333333333,108.91666666666669,91.08333333333331,76.91666666666667,61.04166666666666,68.79166666666667
Mexico,Mexico City,19.4326,-99.1332,29.374,9.274,18.615665,26.728655,8.006734,16.460112,0.0,20.073025,5.663202,26.566666666666663,18.191666666666663,511.1666666666667,38.266666666666666,20.383333333333333,78.04166666666667,2024-03-11,27,54,137,218,18.615665,18.48025,20.026083,19.592749,20.240667,19.459417,18.301083,18.653164,18.123999,18.442747,18.501081,19.034416,19.498999,19.203167,19.29275,16.460112,16.10118,16.875122,16.254988,17.164621,17.04453,15.325017,16.049967,15.271424,16.040487,16.191858,16.702442,17.233316,16.553553,16.364542,0.0,0.0,0.0,0.0,0.0,0.0,0.0,0.0,0.0,0.0,0.0,0.0,0.0,0.0,0.0,20.073025,26.28986,24.798225,19.523155,25.96995,22.127556,29.574827,27.897097,32.11071,28.820242,23.762726,24.066206,19.107151,12.074766,19.130875,26.566666666666663,30.429166666666664,20.35,15.825,23.725,29.183333333333334,23.3125,21.891666666666666,21.808333333333334,29.1375,29.175,32.141666666666666,40.2875,27.83333333333333,22.416666666666668,18.191666666666663,20.95,14.0625,10.8875,16.166666666666668,20.008333333333333,16.099999999999998,14.975,14.983333333333333,20.016666666666666,19.966666666666665,21.9875,27.60833333333333,19.23333333333333,15.558333333333332,511.1666666666667,537.9583333333334,527.1666666666666,384.2083333333333,473.2083333333333,575.4583333333334,529.25,459.2083333333333,465.1666666666667,613.7083333333334,556.875,460.5,693.9583333333334,632.9583333333334,463.5,38.266666666666666,38.81666666666667,39.85833333333333,32.5875,37.958333333333336,39.91666666666666,37.0,34.57083333333333,34.916666666666664,39.80416666666667,39.05416666666667,34.90833333333333,52.99583333333334,41.65833333333333,35.920833333333334,20.383333333333333,23.041666666666668,18.945833333333333,15.15,15.583333333333334,20.85,17.208333333333332,16.1125,16.7375,20.97083333333333,20.066666666666663,22.83333333333333,29.22083333333333,22.8,21.775,78.04166666666667,84.04166666666667,66.04166666666667,69.75,78.79166666666667,84.79166666666667,60.375,70.20833333333333,67.79166666666667,74.45833333333333,77.20833333333333,108.91666666666669,91.08333333333331,76.91666666666667,61.04166666666666
Mexico,Mexico City,19.4326,-99.1332,27.574001,10.924,19.33025,25.947905,9.508831,17.13318,0.0,23.535301,5.8291645,24.916666666666668,17.066666666666666,510.6666666666667,34.86666666666667,18.554166666666667,69.125,2024-03-12,28,64,128,220,19.33025,18.615665,18.48025,20.026083,19.592749,20.240667,19.459417,18.301083,18.653164,18.123999,18.442747,18.501081,19.034416,19.498999,19.203167,17.13318,16.460112,16.10118,16.875122,16.254988,17.164621,17.04453,15.325017,16.049967,15.271424,16.040487,16.191858,16.702442,17.233316,16.553553,0.0,0.0,0.0,0.0,0.0,0.0,0.0,0.0,0.0,0.0,0.0,0.0,0.0,0.0,0.0,23.535301,20.073025,26.28986,24.798225,19.523155,25.96995,22.127556,29.574827,27.897097,32.11071,28.820242,23.762726,24.066206,19.107151,12.074766,24.916666666666668,26.566666666666663,30.429166666666664,20.35,15.825,23.725,29.183333333333334,23.3125,21.891666666666666,21.808333333333334,29.1375,29.175,32.141666666666666,40.2875,27.83333333333333,17.066666666666666,18.191666666666663,20.95,14.0625,10.8875,16.166666666666668,20.008333333333333,16.099999999999998,14.975,14.983333333333333,20.016666666666666,19.966666666666665,21.9875,27.60833333333333,19.23333333333333,510.6666666666667,511.1666666666667,537.9583333333334,527.1666666666666,384.2083333333333,473.2083333333333,575.4583333333334,529.25,459.2083333333333,465.1666666666667,613.7083333333334,556.875,460.5,693.9583333333334,632.9583333333334,34.86666666666667,38.266666666666666,38.81666666666667,39.85833333333333,32.5875,37.958333333333336,39.91666666666666,37.0,34.57083333333333,34.916666666666664,39.80416666666667,39.05416666666667,34.90833333333333,52.99583333333334,41.65833333333333,18.554166666666667,20.383333333333333,23.041666666666668,18.945833333333333,15.15,15.583333333333334,20.85,17.208333333333332,16.1125,16.7375,20.97083333333333,20.066666666666663,22.83333333333333,29.22083333333333,22.8,69.125,78.04166666666667,84.04166666666667,66.04166666666667,69.75,78.79166666666667,84.79166666666667,60.375,70.20833333333333,67.79166666666667,74.45833333333333,77.20833333333333,108.91666666666669,91.08333333333331,76.91666666666667
Mexico,Mexico City,19.4326,-99.1332,28.824001,10.774,19.259417,26.38664,7.3972645,16.302858,0.0,25.942488,6.1089454,23.2125,16.01666666666667,474.25,34.233333333333334,17.587500000000002,63.958333333333336,2024-03-13,23,66,120,209,19.259417,19.33025,18.615665,18.48025,20.026083,19.592749,20.240667,19.459417,18.301083,18.653164,18.123999,18.442747,18.501081,19.034416,19.498999,16.302858,17.13318,16.460112,16.10118,16.875122,16.254988,17.164621,17.04453,15.325017,16.049967,15.271424,16.040487,16.191858,16.702442,17.233316,0.0,0.0,0.0,0.0,0.0,0.0,0.0,0.0,0.0,0.0,0.0,0.0,0.0,0.0,0.0,25.942488,23.535301,20.073025,26.28986,24.798225,19.523155,25.96995,22.127556,29.574827,27.897097,32.11071,28.820242,23.762726,24.066206,19.107151,23.2125,24.916666666666668,26.566666666666663,30.429166666666664,20.35,15.825,23.725,29.183333333333334,23.3125,21.891666666666666,21.808333333333334,29.1375,29.175,32.141666666666666,40.2875,16.01666666666667,17.066666666666666,18.191666666666663,20.95,14.0625,10.8875,16.166666666666668,20.008333333333333,16.099999999999998,14.975,14.983333333333333,20.016666666666666,19.966666666666665,21.9875,27.60833333333333,474.25,510.6666666666667,511.1666666666667,537.9583333333334,527.1666666666666,384.2083333333333,473.2083333333333,575.4583333333334,529.25,459.2083333333333,465.1666666666667,613.7083333333334,556.875,460.5,693.9583333333334,34.233333333333334,34.86666666666667,38.266666666666666,38.81666666666667,39.85833333333333,32.5875,37.958333333333336,39.91666666666666,37.0,34.57083333333333,34.916666666666664,39.80416666666667,39.05416666666667,34.90833333333333,52.99583333333334,17.587500000000002,18.554166666666667,20.383333333333333,23.041666666666668,18.945833333333333,15.15,15.583333333333334,20.85,17.208333333333332,16.1125,16.7375,20.97083333333333,20.066666666666663,22.83333333333333,29.22083333333333,63.958333333333336,69.125,78.04166666666667,84.04166666666667,66.04166666666667,69.75,78.79166666666667,84.79166666666667,60.375,70.20833333333333,67.79166666666667,74.45833333333333,77.20833333333333,108.91666666666669,91.08333333333331
Mexico,Mexico City,19.4326,-99.1332,29.424002,11.974,20.153166,25.929989,9.767878,17.458666,0.0,30.77105,6.28757,20.39583333333333,14.108333333333334,423.9166666666667,31.1,14.75,64.875,2024-03-14,22,63,129,214,20.153166,19.259417,19.33025,18.615665,18.48025,20.026083,19.592749,20.240667,19.459417,18.301083,18.653164,18.123999,18.442747,18.501081,19.034416,17.458666,16.302858,17.13318,16.460112,16.10118,16.875122,16.254988,17.164621,17.04453,15.325017,16.049967,15.271424,16.040487,16.191858,16.702442,0.0,0.0,0.0,0.0,0.0,0.0,0.0,0.0,0.0,0.0,0.0,0.0,0.0,0.0,0.0,30.77105,25.942488,23.535301,20.073025,26.28986,24.798225,19.523155,25.96995,22.127556,29.574827,27.897097,32.11071,28.820242,23.762726,24.066206,20.39583333333333,23.2125,24.916666666666668,26.566666666666663,30.429166666666664,20.35,15.825,23.725,29.183333333333334,23.3125,21.891666666666666,21.808333333333334,29.1375,29.175,32.141666666666666,14.108333333333334,16.01666666666667,17.066666666666666,18.191666666666663,20.95,14.0625,10.8875,16.166666666666668,20.008333333333333,16.099999999999998,14.975,14.983333333333333,20.016666666666666,19.966666666666665,21.9875,423.9166666666667,474.25,510.6666666666667,511.1666666666667,537.9583333333334,527.1666666666666,384.2083333333333,473.2083333333333,575.4583333333334,529.25,459.2083333333333,465.1666666666667,613.7083333333334,556.875,460.5,31.1,34.233333333333334,34.86666666666667,38.266666666666666,38.81666666666667,39.85833333333333,32.5875,37.958333333333336,39.91666666666666,37.0,34.57083333333333,34.916666666666664,39.80416666666667,39.05416666666667,34.90833333333333,14.75,17.587500000000002,18.554166666666667,20.383333333333333,23.041666666666668,18.945833333333333,15.15,15.583333333333334,20.85,17.208333333333332,16.1125,16.7375,20.97083333333333,20.066666666666663,22.83333333333333,64.875,63.958333333333336,69.125,78.04166666666667,84.04166666666667,66.04166666666667,69.75,78.79166666666667,84.79166666666667,60.375,70.20833333333333,67.79166666666667,74.45833333333333,77.20833333333333,108.91666666666669
Mexico,Mexico City,19.4326,-99.1332,28.924002,10.024,19.378168,26.806435,7.286256,16.441172,0.0,28.449112,6.250394,20.825,14.3875,401.0416666666667,32.84583333333333,14.754166666666668,66.25,2024-03-15,28,81,136,245,19.378168,20.153166,19.259417,19.33025,18.615665,18.48025,20.026083,19.592749,20.240667,19.459417,18.301083,18.653164,18.123999,18.442747,18.501081,16.441172,17.458666,16.302858,17.13318,16.460112,16.10118,16.875122,16.254988,17.164621,17.04453,15.325017,16.049967,15.271424,16.040487,16.191858,0.0,0.0,0.0,0.0,0.0,0.0,0.0,0.0,0.0,0.0,0.0,0.0,0.0,0.0,0.0,28.449112,30.77105,25.942488,23.535301,20.073025,26.28986,24.798225,19.523155,25.96995,22.127556,29.574827,27.897097,32.11071,28.820242,23.762726,20.825,20.39583333333333,23.2125,24.916666666666668,26.566666666666663,30.429166666666664,20.35,15.825,23.725,29.183333333333334,23.3125,21.891666666666666,21.808333333333334,29.1375,29.175,14.3875,14.108333333333334,16.01666666666667,17.066666666666666,18.191666666666663,20.95,14.0625,10.8875,16.166666666666668,20.008333333333333,16.099999999999998,14.975,14.983333333333333,20.016666666666666,19.966666666666665,401.0416666666667,423.9166666666667,474.25,510.6666666666667,511.1666666666667,537.9583333333334,527.1666666666666,384.2083333333333,473.2083333333333,575.4583333333334,529.25,459.2083333333333,465.1666666666667,613.7083333333334,556.875,32.84583333333333,31.1,34.233333333333334,34.86666666666667,38.266666666666666,38.81666666666667,39.85833333333333,32.5875,37.958333333333336,39.91666666666666,37.0,34.57083333333333,34.916666666666664,39.80416666666667,39.05416666666667,14.754166666666668,14.75,17.587500000000002,18.554166666666667,20.383333333333333,23.041666666666668,18.945833333333333,15.15,15.583333333333334,20.85,17.208333333333332,16.1125,16.7375,20.97083333333333,20.066666666666663,66.25,64.875,63.958333333333336,69.125,78.04166666666667,84.04166666666667,66.04166666666667,69.75,78.79166666666667,84.79166666666667,60.375,70.20833333333333,67.79166666666667,74.45833333333333,77.20833333333333
Mexico,Mexico City,19.4326,-99.1332,29.424002,12.574,20.592749,27.466158,9.850428,17.804857,0.0,29.381382,6.071442,26.6,18.304166666666667,417.4583333333333,31.7625,17.849999999999998,78.16666666666667,2024-03-16,30,56,133,219,20.592749,19.378168,20.153166,19.259417,19.33025,18.615665,18.48025,20.026083,19.592749,20.240667,19.459417,18.301083,18.653164,18.123999,18.442747,17.804857,16.441172,17.458666,16.302858,17.13318,16.460112,16.10118,16.875122,16.254988,17.164621,17.04453,15.325017,16.049967,15.271424,16.040487,0.0,0.0,0.0,0.0,0.0,0.0,0.0,0.0,0.0,0.0,0.0,0.0,0.0,0.0,0.0,29.381382,28.449112,30.77105,25.942488,23.535301,20.073025,26.28986,24.798225,19.523155,25.96995,22.127556,29.574827,27.897097,32.11071,28.820242,26.6,20.825,20.39583333333333,23.2125,24.916666666666668,26.566666666666663,30.429166666666664,20.35,15.825,23.725,29.183333333333334,23.3125,21.891666666666666,21.808333333333334,29.1375,18.304166666666667,14.3875,14.108333333333334,16.01666666666667,17.066666666666666,18.191666666666663,20.95,14.0625,10.8875,16.166666666666668,20.008333333333333,16.099999999999998,14.975,14.983333333333333,20.016666666666666,417.4583333333333,401.0416666666667,423.9166666666667,474.25,510.6666666666667,511.1666666666667,537.9583333333334,527.1666666666666,384.2083333333333,473.2083333333333,575.4583333333334,529.25,459.2083333333333,465.1666666666667,613.7083333333334,31.7625,32.84583333333333,31.1,34.233333333333334,34.86666666666667,38.266666666666666,38.81666666666667,39.85833333333333,32.5875,37.958333333333336,39.91666666666666,37.0,34.57083333333333,34.916666666666664,39.80416666666667,17.849999999999998,14.754166666666668,14.75,17.587500000000002,18.554166666666667,20.383333333333333,23.041666666666668,18.945833333333333,15.15,15.583333333333334,20.85,17.208333333333332,16.1125,16.7375,20.97083333333333,78.16666666666667,66.25,64.875,63.958333333333336,69.125,78.04166666666667,84.04166666666667,66.04166666666667,69.75,78.79166666666667,84.79166666666667,60.375,70.20833333333333,67.79166666666667,74.45833333333333
Mexico,Mexico City,19.4326,-99.1332,29.474,11.474,19.876085,27.964653,8.561271,16.89705,0.0,22.963936,5.5536337,21.5625,14.933333333333332,522.5416666666666,35.954166666666666,16.154166666666665,55.583333333333336,2024-03-17,24,65,142,231,19.876085,20.592749,19.378168,20.153166,19.259417,19.33025,18.615665,18.48025,20.026083,19.592749,20.240667,19.459417,18.301083,18.653164,18.123999,16.89705,17.804857,16.441172,17.458666,16.302858,17.13318,16.460112,16.10118,16.875122,16.254988,17.164621,17.04453,15.325017,16.049967,15.271424,0.0,0.0,0.0,0.0,0.0,0.0,0.0,0.0,0.0,0.0,0.0,0.0,0.0,0.0,0.0,22.963936,29.381382,28.449112,30.77105,25.942488,23.535301,20.073025,26.28986,24.798225,19.523155,25.96995,22.127556,29.574827,27.897097,32.11071,21.5625,26.6,20.825,20.39583333333333,23.2125,24.916666666666668,26.566666666666663,30.429166666666664,20.35,15.825,23.725,29.183333333333334,23.3125,21.891666666666666,21.808333333333334,14.933333333333332,18.304166666666667,14.3875,14.108333333333334,16.01666666666667,17.066666666666666,18.191666666666663,20.95,14.0625,10.8875,16.166666666666668,20.008333333333333,16.099999999999998,14.975,14.983333333333333,522.5416666666666,417.4583333333333,401.0416666666667,423.9166666666667,474.25,510.6666666666667,511.1666666666667,537.9583333333334,527.1666666666666,384.2083333333333,473.2083333333333,575.4583333333334,529.25,459.2083333333333,465.1666666666667,35.954166666666666,31.7625,32.84583333333333,31.1,34.233333333333334,34.86666666666667,38.266666666666666,38.81666666666667,39.85833333333333,32.5875,37.958333333333336,39.91666666666666,37.0,34.57083333333333,34.916666666666664,16.154166666666665,17.849999999999998,14.754166666666668,14.75,17.587500000000002,18.554166666666667,20.383333333333333,23.041666666666668,18.945833333333333,15.15,15.583333333333334,20.85,17.208333333333332,16.1125,16.7375,55.583333333333336,78.16666666666667,66.25,64.875,63.958333333333336,69.125,78.04166666666667,84.04166666666667,66.04166666666667,69.75,78.79166666666667,84.79166666666667,60.375,70.20833333333333,67.79166666666667
Mexico,Mexico City,19.4326,-99.1332,31.074001,13.374,21.48025,28.10469,10.923624,18.671947,0.0,18.35647,6.337955,24.65833333333333,16.758333333333333,494.4166666666667,30.291666666666668,15.745833333333332,50.91666666666666,2024-03-18,27,46,142,215,21.48025,19.876085,20.592749,19.378168,20.153166,19.259417,19.33025,18.615665,18.48025,20.026083,19.592749,20.240667,19.459417,18.301083,18.653164,18.671947,16.89705,17.804857,16.441172,17.458666,16.302858,17.13318,16.460112,16.10118,16.875122,16.254988,17.164621,17.04453,15.325017,16.049967,0.0,0.0,0.0,0.0,0.0,0.0,0.0,0.0,0.0,0.0,0.0,0.0,0.0,0.0,0.0,18.35647,22.963936,29.381382,28.449112,30.77105,25.942488,23.535301,20.073025,26.28986,24.798225,19.523155,25.96995,22.127556,29.574827,27.897097,24.65833333333333,21.5625,26.6,20.825,20.39583333333333,23.2125,24.916666666666668,26.566666666666663,30.429166666666664,20.35,15.825,23.725,29.183333333333334,23.3125,21.891666666666666,16.758333333333333,14.933333333333332,18.304166666666667,14.3875,14.108333333333334,16.01666666666667,17.066666666666666,18.191666666666663,20.95,14.0625,10.8875,16.166666666666668,20.008333333333333,16.099999999999998,14.975,494.4166666666667,522.5416666666666,417.4583333333333,401.0416666666667,423.9166666666667,474.25,510.6666666666667,511.1666666666667,537.9583333333334,527.1666666666666,384.2083333333333,473.2083333333333,575.4583333333334,529.25,459.2083333333333,30.291666666666668,35.954166666666666,31.7625,32.84583333333333,31.1,34.233333333333334,34.86666666666667,38.266666666666666,38.81666666666667,39.85833333333333,32.5875,37.958333333333336,39.91666666666666,37.0,34.57083333333333,15.745833333333332,16.154166666666665,17.849999999999998,14.754166666666668,14.75,17.587500000000002,18.554166666666667,20.383333333333333,23.041666666666668,18.945833333333333,15.15,15.583333333333334,20.85,17.208333333333332,16.1125,50.91666666666666,55.583333333333336,78.16666666666667,66.25,64.875,63.958333333333336,69.125,78.04166666666667,84.04166666666667,66.04166666666667,69.75,78.79166666666667,84.79166666666667,60.375,70.20833333333333
Mexico,Mexico City,19.4326,-99.1332,28.324001,14.124,20.436499,25.459518,13.3318405,18.67335,0.0,22.077717,5.33291,10.558333333333334,7.170833333333333,239.25,14.108333333333334,11.333333333333334,74.625,2024-03-19,21,74,137,232,20.436499,21.48025,19.876085,20.592749,19.378168,20.153166,19.259417,19.33025,18.615665,18.48025,20.026083,19.592749,20.240667,19.459417,18.301083,18.67335,18.671947,16.89705,17.804857,16.441172,17.458666,16.302858,17.13318,16.460112,16.10118,16.875122,16.254988,17.164621,17.04453,15.325017,0.0,0.0,0.0,0.0,0.0,0.0,0.0,0.0,0.0,0.0,0.0,0.0,0.0,0.0,0.0,22.077717,18.35647,22.963936,29.381382,28.449112,30.77105,25.942488,23.535301,20.073025,26.28986,24.798225,19.523155,25.96995,22.127556,29.574827,10.558333333333334,24.65833333333333,21.5625,26.6,20.825,20.39583333333333,23.2125,24.916666666666668,26.566666666666663,30.429166666666664,20.35,15.825,23.725,29.183333333333334,23.3125,7.170833333333333,16.758333333333333,14.933333333333332,18.304166666666667,14.3875,14.108333333333334,16.01666666666667,17.066666666666666,18.191666666666663,20.95,14.0625,10.8875,16.166666666666668,20.008333333333333,16.099999999999998,239.25,494.4166666666667,522.5416666666666,417.4583333333333,401.0416666666667,423.9166666666667,474.25,510.6666666666667,511.1666666666667,537.9583333333334,527.1666666666666,384.2083333333333,473.2083333333333,575.4583333333334,529.25,14.108333333333334,30.291666666666668,35.954166666666666,31.7625,32.84583333333333,31.1,34.233333333333334,34.86666666666667,38.266666666666666,38.81666666666667,39.85833333333333,32.5875,37.958333333333336,39.91666666666666,37.0,11.333333333333334,15.745833333333332,16.154166666666665,17.849999999999998,14.754166666666668,14.75,17.587500000000002,18.554166666666667,20.383333333333333,23.041666666666668,18.945833333333333,15.15,15.583333333333334,20.85,17.208333333333332,74.625,50.91666666666666,55.583333333333336,78.16666666666667,66.25,64.875,63.958333333333336,69.125,78.04166666666667,84.04166666666667,66.04166666666667,69.75,78.79166666666667,84.79166666666667,60.375
Mexico,Mexico City,19.4326,-99.1332,29.774,12.924,21.403168,26.801954,11.837622,19.433954,0.0,23.587555,5.860424,26.9875,18.433333333333334,480.6666666666667,36.75416666666667,18.64583333333333,72.91666666666667,2024-03-20,30,52,125,207,21.403168,20.436499,21.48025,19.876085,20.592749,19.378168,20.153166,19.259417,19.33025,18.615665,18.48025,20.026083,19.592749,20.240667,19.459417,19.433954,18.67335,18.671947,16.89705,17.804857,16.441172,17.458666,16.302858,17.13318,16.460112,16.10118,16.875122,16.254988,17.164621,17.04453,0.0,0.0,0.0,0.0,0.0,0.0,0.0,0.0,0.0,0.0,0.0,0.0,0.0,0.0,0.0,23.587555,22.077717,18.35647,22.963936,29.381382,28.449112,30.77105,25.942488,23.535301,20.073025,26.28986,24.798225,19.523155,25.96995,22.127556,26.9875,10.558333333333334,24.65833333333333,21.5625,26.6,20.825,20.39583333333333,23.2125,24.916666666666668,26.566666666666663,30.429166666666664,20.35,15.825,23.725,29.183333333333334,18.433333333333334,7.170833333333333,16.758333333333333,14.933333333333332,18.304166666666667,14.3875,14.108333333333334,16.01666666666667,17.066666666666666,18.191666666666663,20.95,14.0625,10.8875,16.166666666666668,20.008333333333333,480.6666666666667,239.25,494.4166666666667,522.5416666666666,417.4583333333333,401.0416666666667,423.9166666666667,474.25,510.6666666666667,511.1666666666667,537.9583333333334,527.1666666666666,384.2083333333333,473.2083333333333,575.4583333333334,36.75416666666667,14.108333333333334,30.291666666666668,35.954166666666666,31.7625,32.84583333333333,31.1,34.233333333333334,34.86666666666667,38.266666666666666,38.81666666666667,39.85833333333333,32.5875,37.958333333333336,39.91666666666666,18.64583333333333,11.333333333333334,15.745833333333332,16.154166666666665,17.849999999999998,14.754166666666668,14.75,17.587500000000002,18.554166666666667,20.383333333333333,23.041666666666668,18.945833333333333,15.15,15.583333333333334,20.85,72.91666666666667,74.625,50.91666666666666,55.583333333333336,78.16666666666667,66.25,64.875,63.958333333333336,69.125,78.04166666666667,84.04166666666667,66.04166666666667,69.75,78.79166666666667,84.79166666666667
Mexico,Mexico City,19.4326,-99.1332,29.824001,11.674,20.940668,29.539074,9.53966,18.877178,0.0,24.993439,6.0038996,20.85,14.3375,410.4583333333333,30.008333333333336,18.104166666666668,58.29166666666666,2024-03-21,28,69,125,222,20.940668,21.403168,20.436499,21.48025,19.876085,20.592749,19.378168,20.153166,19.259417,19.33025,18.615665,18.48025,20.026083,19.592749,20.240667,18.877178,19.433954,18.67335,18.671947,16.89705,17.804857,16.441172,17.458666,16.302858,17.13318,16.460112,16.10118,16.875122,16.254988,17.164621,0.0,0.0,0.0,0.0,0.0,0.0,0.0,0.0,0.0,0.0,0.0,0.0,0.0,0.0,0.0,24.993439,23.587555,22.077717,18.35647,22.963936,29.381382,28.449112,30.77105,25.942488,23.535301,20.073025,26.28986,24.798225,19.523155,25.96995,20.85,26.9875,10.558333333333334,24.65833333333333,21.5625,26.6,20.825,20.39583333333333,23.2125,24.916666666666668,26.566666666666663,30.429166666666664,20.35,15.825,23.725,14.3375,18.433333333333334,7.170833333333333,16.758333333333333,14.933333333333332,18.304166666666667,14.3875,14.108333333333334,16.01666666666667,17.066666666666666,18.191666666666663,20.95,14.0625,10.8875,16.166666666666668,410.4583333333333,480.6666666666667,239.25,494.4166666666667,522.5416666666666,417.4583333333333,401.0416666666667,423.9166666666667,474.25,510.6666666666667,511.1666666666667,537.9583333333334,527.1666666666666,384.2083333333333,473.2083333333333,30.008333333333336,36.75416666666667,14.108333333333334,30.291666666666668,35.954166666666666,31.7625,32.84583333333333,31.1,34.233333333333334,34.86666666666667,38.266666666666666,38.81666666666667,39.85833333333333,32.5875,37.958333333333336,18.104166666666668,18.64583333333333,11.333333333333334,15.745833333333332,16.154166666666665,17.849999999999998,14.754166666666668,14.75,17.587500000000002,18.554166666666667,20.383333333333333,23.041666666666668,18.945833333333333,15.15,15.583333333333334,58.29166666666666,72.91666666666667,74.625,50.91666666666666,55.583333333333336,78.16666666666667,66.25,64.875,63.958333333333336,69.125,78.04166666666667,84.04166666666667,66.04166666666667,69.75,78.79166666666667
Mexico,Mexico City,19.4326,-99.1332,30.674002,10.074,20.488585,26.612545,7.49909,17.44672,0.0,25.045238,6.868381,18.829166666666666,12.954166666666666,394.2916666666667,27.79583333333333,15.241666666666667,56.25,2024-03-22,27,54,142,223,20.488585,20.940668,21.403168,20.436499,21.48025,19.876085,20.592749,19.378168,20.153166,19.259417,19.33025,18.615665,18.48025,20.026083,19.592749,17.44672,18.877178,19.433954,18.67335,18.671947,16.89705,17.804857,16.441172,17.458666,16.302858,17.13318,16.460112,16.10118,16.875122,16.254988,0.0,0.0,0.0,0.0,0.0,0.0,0.0,0.0,0.0,0.0,0.0,0.0,0.0,0.0,0.0,25.045238,24.993439,23.587555,22.077717,18.35647,22.963936,29.381382,28.449112,30.77105,25.942488,23.535301,20.073025,26.28986,24.798225,19.523155,18.829166666666666,20.85,26.9875,10.558333333333334,24.65833333333333,21.5625,26.6,20.825,20.39583333333333,23.2125,24.916666666666668,26.566666666666663,30.429166666666664,20.35,15.825,12.954166666666666,14.3375,18.433333333333334,7.170833333333333,16.758333333333333,14.933333333333332,18.304166666666667,14.3875,14.108333333333334,16.01666666666667,17.066666666666666,18.191666666666663,20.95,14.0625,10.8875,394.2916666666667,410.4583333333333,480.6666666666667,239.25,494.4166666666667,522.5416666666666,417.4583333333333,401.0416666666667,423.9166666666667,474.25,510.6666666666667,511.1666666666667,537.9583333333334,527.1666666666666,384.2083333333333,27.79583333333333,30.008333333333336,36.75416666666667,14.108333333333334,30.291666666666668,35.954166666666666,31.7625,32.84583333333333,31.1,34.233333333333334,34.86666666666667,38.266666666666666,38.81666666666667,39.85833333333333,32.5875,15.241666666666667,18.104166666666668,18.64583333333333,11.333333333333334,15.745833333333332,16.154166666666665,17.849999999999998,14.754166666666668,14.75,17.587500000000002,18.554166666666667,20.383333333333333,23.041666666666668,18.945833333333333,15.15,56.25,58.29166666666666,72.91666666666667,74.625,50.91666666666666,55.583333333333336,78.16666666666667,66.25,64.875,63.958333333333336,69.125,78.04166666666667,84.04166666666667,66.04166666666667,69.75
Mexico,Mexico City,19.4326,-99.1332,29.524,11.274,19.826082,27.19276,9.4594555,17.502344,0.0,19.373219,6.2536607,31.34166666666667,21.65833333333333,634.9583333333334,33.829166666666666,19.78333333333333,79.33333333333333,2024-03-23,25,52,135,212,19.826082,20.488585,20.940668,21.403168,20.436499,21.48025,19.876085,20.592749,19.378168,20.153166,19.259417,19.33025,18.615665,18.48025,20.026083,17.502344,17.44672,18.877178,19.433954,18.67335,18.671947,16.89705,17.804857,16.441172,17.458666,16.302858,17.13318,16.460112,16.10118,16.875122,0.0,0.0,0.0,0.0,0.0,0.0,0.0,0.0,0.0,0.0,0.0,0.0,0.0,0.0,0.0,19.373219,25.045238,24.993439,23.587555,22.077717,18.35647,22.963936,29.381382,28.449112,30.77105,25.942488,23.535301,20.073025,26.28986,24.798225,31.34166666666667,18.829166666666666,20.85,26.9875,10.558333333333334,24.65833333333333,21.5625,26.6,20.825,20.39583333333333,23.2125,24.916666666666668,26.566666666666663,30.429166666666664,20.35,21.65833333333333,12.954166666666666,14.3375,18.433333333333334,7.170833333333333,16.758333333333333,14.933333333333332,18.304166666666667,14.3875,14.108333333333334,16.01666666666667,17.066666666666666,18.191666666666663,20.95,14.0625,634.9583333333334,394.2916666666667,410.4583333333333,480.6666666666667,239.25,494.4166666666667,522.5416666666666,417.4583333333333,401.0416666666667,423.9166666666667,474.25,510.6666666666667,511.1666666666667,537.9583333333334,527.1666666666666,33.829166666666666,27.79583333333333,30.008333333333336,36.75416666666667,14.108333333333334,30.291666666666668,35.954166666666666,31.7625,32.84583333333333,31.1,34.233333333333334,34.86666666666667,38.266666666666666,38.81666666666667,39.85833333333333,19.78333333333333,15.241666666666667,18.104166666666668,18.64583333333333,11.333333333333334,15.745833333333332,16.154166666666665,17.849999999999998,14.754166666666668,14.75,17.587500000000002,18.554166666666667,20.383333333333333,23.041666666666668,18.945833333333333,79.33333333333333,56.25,58.29166666666666,72.91666666666667,74.625,50.91666666666666,55.583333333333336,78.16666666666667,66.25,64.875,63.958333333333336,69.125,78.04166666666667,84.04166666666667,66.04166666666667
Mexico,Mexico City,19.4326,-99.1332,31.124,7.924,19.776083,29.310009,4.0458965,16.248487,0.0,30.293522,7.253097,20.0375,13.933333333333332,409.75,30.85,13.570833333333333,63.708333333333336,2024-03-24,35,64,139,238,19.776083,19.826082,20.488585,20.940668,21.403168,20.436499,21.48025,19.876085,20.592749,19.378168,20.153166,19.259417,19.33025,18.615665,18.48025,16.248487,17.502344,17.44672,18.877178,19.433954,18.67335,18.671947,16.89705,17.804857,16.441172,17.458666,16.302858,17.13318,16.460112,16.10118,0.0,0.0,0.0,0.0,0.0,0.0,0.0,0.0,0.0,0.0,0.0,0.0,0.0,0.0,0.0,30.293522,19.373219,25.045238,24.993439,23.587555,22.077717,18.35647,22.963936,29.381382,28.449112,30.77105,25.942488,23.535301,20.073025,26.28986,20.0375,31.34166666666667,18.829166666666666,20.85,26.9875,10.558333333333334,24.65833333333333,21.5625,26.6,20.825,20.39583333333333,23.2125,24.916666666666668,26.566666666666663,30.429166666666664,13.933333333333332,21.65833333333333,12.954166666666666,14.3375,18.433333333333334,7.170833333333333,16.758333333333333,14.933333333333332,18.304166666666667,14.3875,14.108333333333334,16.01666666666667,17.066666666666666,18.191666666666663,20.95,409.75,634.9583333333334,394.2916666666667,410.4583333333333,480.6666666666667,239.25,494.4166666666667,522.5416666666666,417.4583333333333,401.0416666666667,423.9166666666667,474.25,510.6666666666667,511.1666666666667,537.9583333333334,30.85,33.829166666666666,27.79583333333333,30.008333333333336,36.75416666666667,14.108333333333334,30.291666666666668,35.954166666666666,31.7625,32.84583333333333,31.1,34.233333333333334,34.86666666666667,38.266666666666666,38.81666666666667,13.570833333333333,19.78333333333333,15.241666666666667,18.104166666666668,18.64583333333333,11.333333333333334,15.745833333333332,16.154166666666665,17.849999999999998,14.754166666666668,14.75,17.587500000000002,18.554166666666667,20.383333333333333,23.041666666666668,63.708333333333336,79.33333333333333,56.25,58.29166666666666,72.91666666666667,74.625,50.91666666666666,55.583333333333336,78.16666666666667,66.25,64.875,63.958333333333336,69.125,78.04166666666667,84.04166666666667
Mexico,Mexico City,19.4326,-99.1332,28.924002,6.574,18.401083,25.476345,3.1067924,14.071034,0.0,23.319553,6.7688136,18.529166666666665,12.766666666666666,370.4166666666667,26.775,11.7375,70.95833333333333,2024-03-25,22,53,116,191,18.401083,19.776083,19.826082,20.488585,20.940668,21.403168,20.436499,21.48025,19.876085,20.592749,19.378168,20.153166,19.259417,19.33025,18.615665,14.071034,16.248487,17.502344,17.44672,18.877178,19.433954,18.67335,18.671947,16.89705,17.804857,16.441172,17.458666,16.302858,17.13318,16.460112,0.0,0.0,0.0,0.0,0.0,0.0,0.0,0.0,0.0,0.0,0.0,0.0,0.0,0.0,0.0,23.319553,30.293522,19.373219,25.045238,24.993439,23.587555,22.077717,18.35647,22.963936,29.381382,28.449112,30.77105,25.942488,23.535301,20.073025,18.529166666666665,20.0375,31.34166666666667,18.829166666666666,20.85,26.9875,10.558333333333334,24.65833333333333,21.5625,26.6,20.825,20.39583333333333,23.2125,24.916666666666668,26.566666666666663,12.766666666666666,13.933333333333332,21.65833333333333,12.954166666666666,14.3375,18.433333333333334,7.170833333333333,16.758333333333333,14.933333333333332,18.304166666666667,14.3875,14.108333333333334,16.01666666666667,17.066666666666666,18.191666666666663,370.4166666666667,409.75,634.9583333333334,394.2916666666667,410.4583333333333,480.6666666666667,239.25,494.4166666666667,522.5416666666666,417.4583333333333,401.0416666666667,423.9166666666667,474.25,510.6666666666667,511.1666666666667,26.775,30.85,33.829166666666666,27.79583333333333,30.008333333333336,36.75416666666667,14.108333333333334,30.291666666666668,35.954166666666666,31.7625,32.84583333333333,31.1,34.233333333333334,34.86666666666667,38.266666666666666,11.7375,13.570833333333333,19.78333333333333,15.241666666666667,18.104166666666668,18.64583333333333,11.333333333333334,15.745833333333332,16.154166666666665,17.849999999999998,14.754166666666668,14.75,17.587500000000002,18.554166666666667,20.383333333333333,70.95833333333333,63.708333333333336,79.33333333333333,56.25,58.29166666666666,72.91666666666667,74.625,50.91666666666666,55.583333333333336,78.16666666666667,66.25,64.875,63.958333333333336,69.125,78.04166666666667
Mexico,Mexico City,19.4326,-99.1332,29.324001,8.274,18.365667,26.699436,4.456909,14.245408,0.0,25.711662,6.8799453,24.620833333333334,16.925,435.5833333333333,31.258333333333336,12.608333333333334,76.79166666666667,2024-03-26,21,45,133,199,18.365667,18.401083,19.776083,19.826082,20.488585,20.940668,21.403168,20.436499,21.48025,19.876085,20.592749,19.378168,20.153166,19.259417,19.33025,14.245408,14.071034,16.248487,17.502344,17.44672,18.877178,19.433954,18.67335,18.671947,16.89705,17.804857,16.441172,17.458666,16.302858,17.13318,0.0,0.0,0.0,0.0,0.0,0.0,0.0,0.0,0.0,0.0,0.0,0.0,0.0,0.0,0.0,25.711662,23.319553,30.293522,19.373219,25.045238,24.993439,23.587555,22.077717,18.35647,22.963936,29.381382,28.449112,30.77105,25.942488,23.535301,24.620833333333334,18.529166666666665,20.0375,31.34166666666667,18.829166666666666,20.85,26.9875,10.558333333333334,24.65833333333333,21.5625,26.6,20.825,20.39583333333333,23.2125,24.916666666666668,16.925,12.766666666666666,13.933333333333332,21.65833333333333,12.954166666666666,14.3375,18.433333333333334,7.170833333333333,16.758333333333333,14.933333333333332,18.304166666666667,14.3875,14.108333333333334,16.01666666666667,17.066666666666666,435.5833333333333,370.4166666666667,409.75,634.9583333333334,394.2916666666667,410.4583333333333,480.6666666666667,239.25,494.4166666666667,522.5416666666666,417.4583333333333,401.0416666666667,423.9166666666667,474.25,510.6666666666667,31.258333333333336,26.775,30.85,33.829166666666666,27.79583333333333,30.008333333333336,36.75416666666667,14.108333333333334,30.291666666666668,35.954166666666666,31.7625,32.84583333333333,31.1,34.233333333333334,34.86666666666667,12.608333333333334,11.7375,13.570833333333333,19.78333333333333,15.241666666666667,18.104166666666668,18.64583333333333,11.333333333333334,15.745833333333332,16.154166666666665,17.849999999999998,14.754166666666668,14.75,17.587500000000002,18.554166666666667,76.79166666666667,70.95833333333333,63.708333333333336,79.33333333333333,56.25,58.29166666666666,72.91666666666667,74.625,50.91666666666666,55.583333333333336,78.16666666666667,66.25,64.875,63.958333333333336,69.125
Mexico,Mexico City,19.4326,-99.1332,29.574001,7.224,18.46775,27.035223,2.5933943,14.415965,0.0,25.72174,7.148571,24.10833333333333,16.787499999999998,453.375,34.166666666666664,12.9875,78.625,2024-03-27,24,69,133,226,18.46775,18.365667,18.401083,19.776083,19.826082,20.488585,20.940668,21.403168,20.436499,21.48025,19.876085,20.592749,19.378168,20.153166,19.259417,14.415965,14.245408,14.071034,16.248487,17.502344,17.44672,18.877178,19.433954,18.67335,18.671947,16.89705,17.804857,16.441172,17.458666,16.302858,0.0,0.0,0.0,0.0,0.0,0.0,0.0,0.0,0.0,0.0,0.0,0.0,0.0,0.0,0.0,25.72174,25.711662,23.319553,30.293522,19.373219,25.045238,24.993439,23.587555,22.077717,18.35647,22.963936,29.381382,28.449112,30.77105,25.942488,24.10833333333333,24.620833333333334,18.529166666666665,20.0375,31.34166666666667,18.829166666666666,20.85,26.9875,10.558333333333334,24.65833333333333,21.5625,26.6,20.825,20.39583333333333,23.2125,16.787499999999998,16.925,12.766666666666666,13.933333333333332,21.65833333333333,12.954166666666666,14.3375,18.433333333333334,7.170833333333333,16.758333333333333,14.933333333333332,18.304166666666667,14.3875,14.108333333333334,16.01666666666667,453.375,435.5833333333333,370.4166666666667,409.75,634.9583333333334,394.2916666666667,410.4583333333333,480.6666666666667,239.25,494.4166666666667,522.5416666666666,417.4583333333333,401.0416666666667,423.9166666666667,474.25,34.166666666666664,31.258333333333336,26.775,30.85,33.829166666666666,27.79583333333333,30.008333333333336,36.75416666666667,14.108333333333334,30.291666666666668,35.954166666666666,31.7625,32.84583333333333,31.1,34.233333333333334,12.9875,12.608333333333334,11.7375,13.570833333333333,19.78333333333333,15.241666666666667,18.104166666666668,18.64583333333333,11.333333333333334,15.745833333333332,16.154166666666665,17.849999999999998,14.754166666666668,14.75,17.587500000000002,78.625,76.79166666666667,70.95833333333333,63.708333333333336,79.33333333333333,56.25,58.29166666666666,72.91666666666667,74.625,50.91666666666666,55.583333333333336,78.16666666666667,66.25,64.875,63.958333333333336
Mexico,Mexico City,19.4326,-99.1332,27.774,8.974,17.915665,26.557487,7.5947886,15.6641,0.0,34.04047,6.2532563,33.45,23.0,386.625,20.83333333333333,16.150000000000002,115.54166666666669,2024-03-28,21,56,129,206,17.915665,18.46775,18.365667,18.401083,19.776083,19.826082,20.488585,20.940668,21.403168,20.436499,21.48025,19.876085,20.592749,19.378168,20.153166,15.6641,14.415965,14.245408,14.071034,16.248487,17.502344,17.44672,18.877178,19.433954,18.67335,18.671947,16.89705,17.804857,16.441172,17.458666,0.0,0.0,0.0,0.0,0.0,0.0,0.0,0.0,0.0,0.0,0.0,0.0,0.0,0.0,0.0,34.04047,25.72174,25.711662,23.319553,30.293522,19.373219,25.045238,24.993439,23.587555,22.077717,18.35647,22.963936,29.381382,28.449112,30.77105,33.45,24.10833333333333,24.620833333333334,18.529166666666665,20.0375,31.34166666666667,18.829166666666666,20.85,26.9875,10.558333333333334,24.65833333333333,21.5625,26.6,20.825,20.39583333333333,23.0,16.787499999999998,16.925,12.766666666666666,13.933333333333332,21.65833333333333,12.954166666666666,14.3375,18.433333333333334,7.170833333333333,16.758333333333333,14.933333333333332,18.304166666666667,14.3875,14.108333333333334,386.625,453.375,435.5833333333333,370.4166666666667,409.75,634.9583333333334,394.2916666666667,410.4583333333333,480.6666666666667,239.25,494.4166666666667,522.5416666666666,417.4583333333333,401.0416666666667,423.9166666666667,20.83333333333333,34.166666666666664,31.258333333333336,26.775,30.85,33.829166666666666,27.79583333333333,30.008333333333336,36.75416666666667,14.108333333333334,30.291666666666668,35.954166666666666,31.7625,32.84583333333333,31.1,16.150000000000002,12.9875,12.608333333333334,11.7375,13.570833333333333,19.78333333333333,15.241666666666667,18.104166666666668,18.64583333333333,11.333333333333334,15.745833333333332,16.154166666666665,17.849999999999998,14.754166666666668,14.75,115.54166666666669,78.625,76.79166666666667,70.95833333333333,63.708333333333336,79.33333333333333,56.25,58.29166666666666,72.91666666666667,74.625,50.91666666666666,55.583333333333336,78.16666666666667,66.25,64.875
Mexico,Mexico City,19.4326,-99.1332,28.924002,8.474,17.646917,27.543165,7.1612396,15.591934,0.0,28.467327,6.095919,33.74166666666667,23.241666666666664,503.125,33.170833333333334,22.7,88.66666666666667,2024-03-29,24,65,140,229,17.646917,17.915665,18.46775,18.365667,18.401083,19.776083,19.826082,20.488585,20.940668,21.403168,20.436499,21.48025,19.876085,20.592749,19.378168,15.591934,15.6641,14.415965,14.245408,14.071034,16.248487,17.502344,17.44672,18.877178,19.433954,18.67335,18.671947,16.89705,17.804857,16.441172,0.0,0.0,0.0,0.0,0.0,0.0,0.0,0.0,0.0,0.0,0.0,0.0,0.0,0.0,0.0,28.467327,34.04047,25.72174,25.711662,23.319553,30.293522,19.373219,25.045238,24.993439,23.587555,22.077717,18.35647,22.963936,29.381382,28.449112,33.74166666666667,33.45,24.10833333333333,24.620833333333334,18.529166666666665,20.0375,31.34166666666667,18.829166666666666,20.85,26.9875,10.558333333333334,24.65833333333333,21.5625,26.6,20.825,23.241666666666664,23.0,16.787499999999998,16.925,12.766666666666666,13.933333333333332,21.65833333333333,12.954166666666666,14.3375,18.433333333333334,7.170833333333333,16.758333333333333,14.933333333333332,18.304166666666667,14.3875,503.125,386.625,453.375,435.5833333333333,370.4166666666667,409.75,634.9583333333334,394.2916666666667,410.4583333333333,480.6666666666667,239.25,494.4166666666667,522.5416666666666,417.4583333333333,401.0416666666667,33.170833333333334,20.83333333333333,34.166666666666664,31.258333333333336,26.775,30.85,33.829166666666666,27.79583333333333,30.008333333333336,36.75416666666667,14.108333333333334,30.291666666666668,35.954166666666666,31.7625,32.84583333333333,22.7,16.150000000000002,12.9875,12.608333333333334,11.7375,13.570833333333333,19.78333333333333,15.241666666666667,18.104166666666668,18.64583333333333,11.333333333333334,15.745833333333332,16.154166666666665,17.849999999999998,14.754166666666668,88.66666666666667,115.54166666666669,78.625,76.79166666666667,70.95833333333333,63.708333333333336,79.33333333333333,56.25,58.29166666666666,72.91666666666667,74.625,50.91666666666666,55.583333333333336,78.16666666666667,66.25
Mexico,Mexico City,19.4326,-99.1332,29.574001,10.624,20.134417,27.624931,7.720907,17.378925,0.0,29.337238,6.4555206,32.2625,22.3125,518.9583333333334,37.329166666666666,18.48333333333333,88.04166666666667,2024-03-30,22,60,119,201,20.134417,17.646917,17.915665,18.46775,18.365667,18.401083,19.776083,19.826082,20.488585,20.940668,21.403168,20.436499,21.48025,19.876085,20.592749,17.378925,15.591934,15.6641,14.415965,14.245408,14.071034,16.248487,17.502344,17.44672,18.877178,19.433954,18.67335,18.671947,16.89705,17.804857,0.0,0.0,0.0,0.0,0.0,0.0,0.0,0.0,0.0,0.0,0.0,0.0,0.0,0.0,0.0,29.337238,28.467327,34.04047,25.72174,25.711662,23.319553,30.293522,19.373219,25.045238,24.993439,23.587555,22.077717,18.35647,22.963936,29.381382,32.2625,33.74166666666667,33.45,24.10833333333333,24.620833333333334,18.529166666666665,20.0375,31.34166666666667,18.829166666666666,20.85,26.9875,10.558333333333334,24.65833333333333,21.5625,26.6,22.3125,23.241666666666664,23.0,16.787499999999998,16.925,12.766666666666666,13.933333333333332,21.65833333333333,12.954166666666666,14.3375,18.433333333333334,7.170833333333333,16.758333333333333,14.933333333333332,18.304166666666667,518.9583333333334,503.125,386.625,453.375,435.5833333333333,370.4166666666667,409.75,634.9583333333334,394.2916666666667,410.4583333333333,480.6666666666667,239.25,494.4166666666667,522.5416666666666,417.4583333333333,37.329166666666666,33.170833333333334,20.83333333333333,34.166666666666664,31.258333333333336,26.775,30.85,33.829166666666666,27.79583333333333,30.008333333333336,36.75416666666667,14.108333333333334,30.291666666666668,35.954166666666666,31.7625,18.48333333333333,22.7,16.150000000000002,12.9875,12.608333333333334,11.7375,13.570833333333333,19.78333333333333,15.241666666666667,18.104166666666668,18.64583333333333,11.333333333333334,15.745833333333332,16.154166666666665,17.849999999999998,88.04166666666667,88.66666666666667,115.54166666666669,78.625,76.79166666666667,70.95833333333333,63.708333333333336,79.33333333333333,56.25,58.29166666666666,72.91666666666667,74.625,50.91666666666666,55.583333333333336,78.16666666666667
Mexico,Mexico City,19.4326,-99.1332,30.424002,12.174,20.43442,27.90707,9.672392,17.76108,0.0,26.959166,6.444515,30.675,21.28333333333333,516.4166666666666,33.55416666666667,20.17083333333333,94.375,2024-03-31,13,70,142,225,20.43442,20.134417,17.646917,17.915665,18.46775,18.365667,18.401083,19.776083,19.826082,20.488585,20.940668,21.403168,20.436499,21.48025,19.876085,17.76108,17.378925,15.591934,15.6641,14.415965,14.245408,14.071034,16.248487,17.502344,17.44672,18.877178,19.433954,18.67335,18.671947,16.89705,0.0,0.0,0.0,0.0,0.0,0.0,0.0,0.0,0.0,0.0,0.0,0.0,0.0,0.0,0.0,26.959166,29.337238,28.467327,34.04047,25.72174,25.711662,23.319553,30.293522,19.373219,25.045238,24.993439,23.587555,22.077717,18.35647,22.963936,30.675,32.2625,33.74166666666667,33.45,24.10833333333333,24.620833333333334,18.529166666666665,20.0375,31.34166666666667,18.829166666666666,20.85,26.9875,10.558333333333334,24.65833333333333,21.5625,21.28333333333333,22.3125,23.241666666666664,23.0,16.787499999999998,16.925,12.766666666666666,13.933333333333332,21.65833333333333,12.954166666666666,14.3375,18.433333333333334,7.170833333333333,16.758333333333333,14.933333333333332,516.4166666666666,518.9583333333334,503.125,386.625,453.375,435.5833333333333,370.4166666666667,409.75,634.9583333333334,394.2916666666667,410.4583333333333,480.6666666666667,239.25,494.4166666666667,522.5416666666666,33.55416666666667,37.329166666666666,33.170833333333334,20.83333333333333,34.166666666666664,31.258333333333336,26.775,30.85,33.829166666666666,27.79583333333333,30.008333333333336,36.75416666666667,14.108333333333334,30.291666666666668,35.954166666666666,20.17083333333333,18.48333333333333,22.7,16.150000000000002,12.9875,12.608333333333334,11.7375,13.570833333333333,19.78333333333333,15.241666666666667,18.104166666666668,18.64583333333333,11.333333333333334,15.745833333333332,16.154166666666665,94.375,88.04166666666667,88.66666666666667,115.54166666666669,78.625,76.79166666666667,70.95833333333333,63.708333333333336,79.33333333333333,56.25,58.29166666666666,72.91666666666667,74.625,50.91666666666666,55.583333333333336
Mexico,Mexico City,19.4326,-99.1332,30.824001,11.974,20.913584,28.788197,9.598134,18.19014,0.0,27.288855,6.9276752,32.22083333333333,22.29583333333333,445.9583333333333,27.425,16.833333333333332,90.0,2024-04-01,24,61,132,217,20.913584,20.43442,20.134417,17.646917,17.915665,18.46775,18.365667,18.401083,19.776083,19.826082,20.488585,20.940668,21.403168,20.436499,21.48025,18.19014,17.76108,17.378925,15.591934,15.6641,14.415965,14.245408,14.071034,16.248487,17.502344,17.44672,18.877178,19.433954,18.67335,18.671947,0.0,0.0,0.0,0.0,0.0,0.0,0.0,0.0,0.0,0.0,0.0,0.0,0.0,0.0,0.0,27.288855,26.959166,29.337238,28.467327,34.04047,25.72174,25.711662,23.319553,30.293522,19.373219,25.045238,24.993439,23.587555,22.077717,18.35647,32.22083333333333,30.675,32.2625,33.74166666666667,33.45,24.10833333333333,24.620833333333334,18.529166666666665,20.0375,31.34166666666667,18.829166666666666,20.85,26.9875,10.558333333333334,24.65833333333333,22.29583333333333,21.28333333333333,22.3125,23.241666666666664,23.0,16.787499999999998,16.925,12.766666666666666,13.933333333333332,21.65833333333333,12.954166666666666,14.3375,18.433333333333334,7.170833333333333,16.758333333333333,445.9583333333333,516.4166666666666,518.9583333333334,503.125,386.625,453.375,435.5833333333333,370.4166666666667,409.75,634.9583333333334,394.2916666666667,410.4583333333333,480.6666666666667,239.25,494.4166666666667,27.425,33.55416666666667,37.329166666666666,33.170833333333334,20.83333333333333,34.166666666666664,31.258333333333336,26.775,30.85,33.829166666666666,27.79583333333333,30.008333333333336,36.75416666666667,14.108333333333334,30.291666666666668,16.833333333333332,20.17083333333333,18.48333333333333,22.7,16.150000000000002,12.9875,12.608333333333334,11.7375,13.570833333333333,19.78333333333333,15.241666666666667,18.104166666666668,18.64583333333333,11.333333333333334,15.745833333333332,90.0,94.375,88.04166666666667,88.66666666666667,115.54166666666669,78.625,76.79166666666667,70.95833333333333,63.708333333333336,79.33333333333333,56.25,58.29166666666666,72.91666666666667,74.625,50.91666666666666
Mexico,Mexico City,19.4326,-99.1332,31.074001,10.824,20.559418,28.199535,8.224076,17.458597,0.0,27.086262,6.9986877,27.625,19.141666666666666,410.2916666666667,28.73333333333333,18.541666666666668,72.83333333333333,2024-04-02,20,56,139,215,20.559418,20.913584,20.43442,20.134417,17.646917,17.915665,18.46775,18.365667,18.401083,19.776083,19.826082,20.488585,20.940668,21.403168,20.436499,17.458597,18.19014,17.76108,17.378925,15.591934,15.6641,14.415965,14.245408,14.071034,16.248487,17.502344,17.44672,18.877178,19.433954,18.67335,0.0,0.0,0.0,0.0,0.0,0.0,0.0,0.0,0.0,0.0,0.0,0.0,0.0,0.0,0.0,27.086262,27.288855,26.959166,29.337238,28.467327,34.04047,25.72174,25.711662,23.319553,30.293522,19.373219,25.045238,24.993439,23.587555,22.077717,27.625,32.22083333333333,30.675,32.2625,33.74166666666667,33.45,24.10833333333333,24.620833333333334,18.529166666666665,20.0375,31.34166666666667,18.829166666666666,20.85,26.9875,10.558333333333334,19.141666666666666,22.29583333333333,21.28333333333333,22.3125,23.241666666666664,23.0,16.787499999999998,16.925,12.766666666666666,13.933333333333332,21.65833333333333,12.954166666666666,14.3375,18.433333333333334,7.170833333333333,410.2916666666667,445.9583333333333,516.4166666666666,518.9583333333334,503.125,386.625,453.375,435.5833333333333,370.4166666666667,409.75,634.9583333333334,394.2916666666667,410.4583333333333,480.6666666666667,239.25,28.73333333333333,27.425,33.55416666666667,37.329166666666666,33.170833333333334,20.83333333333333,34.166666666666664,31.258333333333336,26.775,30.85,33.829166666666666,27.79583333333333,30.008333333333336,36.75416666666667,14.108333333333334,18.541666666666668,16.833333333333332,20.17083333333333,18.48333333333333,22.7,16.150000000000002,12.9875,12.608333333333334,11.7375,13.570833333333333,19.78333333333333,15.241666666666667,18.104166666666668,18.64583333333333,11.333333333333334,72.83333333333333,90.0,94.375,88.04166666666667,88.66666666666667,115.54166666666669,78.625,76.79166666666667,70.95833333333333,63.708333333333336,79.33333333333333,56.25,58.29166666666666,72.91666666666667,74.625
Mexico,Mexico City,19.4326,-99.1332,29.774,11.424,20.461496,28.745186,8.342063,17.353422,0.0,28.820242,6.5770893,22.75,15.670833333333334,411.9583333333333,28.15,14.145833333333334,54.375,2024-04-03,24,56,148,228,20.461496,20.559418,20.913584,20.43442,20.134417,17.646917,17.915665,18.46775,18.365667,18.401083,19.776083,19.826082,20.488585,20.940668,21.403168,17.353422,17.458597,18.19014,17.76108,17.378925,15.591934,15.6641,14.415965,14.245408,14.071034,16.248487,17.502344,17.44672,18.877178,19.433954,0.0,0.0,0.0,0.0,0.0,0.0,0.0,0.0,0.0,0.0,0.0,0.0,0.0,0.0,0.0,28.820242,27.086262,27.288855,26.959166,29.337238,28.467327,34.04047,25.72174,25.711662,23.319553,30.293522,19.373219,25.045238,24.993439,23.587555,22.75,27.625,32.22083333333333,30.675,32.2625,33.74166666666667,33.45,24.10833333333333,24.620833333333334,18.529166666666665,20.0375,31.34166666666667,18.829166666666666,20.85,26.9875,15.670833333333334,19.141666666666666,22.29583333333333,21.28333333333333,22.3125,23.241666666666664,23.0,16.787499999999998,16.925,12.766666666666666,13.933333333333332,21.65833333333333,12.954166666666666,14.3375,18.433333333333334,411.9583333333333,410.2916666666667,445.9583333333333,516.4166666666666,518.9583333333334,503.125,386.625,453.375,435.5833333333333,370.4166666666667,409.75,634.9583333333334,394.2916666666667,410.4583333333333,480.6666666666667,28.15,28.73333333333333,27.425,33.55416666666667,37.329166666666666,33.170833333333334,20.83333333333333,34.166666666666664,31.258333333333336,26.775,30.85,33.829166666666666,27.79583333333333,30.008333333333336,36.75416666666667,14.145833333333334,18.541666666666668,16.833333333333332,20.17083333333333,18.48333333333333,22.7,16.150000000000002,12.9875,12.608333333333334,11.7375,13.570833333333333,19.78333333333333,15.241666666666667,18.104166666666668,18.64583333333333,54.375,72.83333333333333,90.0,94.375,88.04166666666667,88.66666666666667,115.54166666666669,78.625,76.79166666666667,70.95833333333333,63.708333333333336,79.33333333333333,56.25,58.29166666666666,72.91666666666667
Mexico,Mexico City,19.4326,-99.1332,27.324001,9.674,18.628166,24.122185,7.7225904,16.200174,0.0,22.42427,5.654437,21.179166666666667,14.495833333333332,437.125,23.03333333333333,15.170833333333334,55.79166666666666,2024-04-04,23,59,115,197,18.628166,20.461496,20.559418,20.913584,20.43442,20.134417,17.646917,17.915665,18.46775,18.365667,18.401083,19.776083,19.826082,20.488585,20.940668,16.200174,17.353422,17.458597,18.19014,17.76108,17.378925,15.591934,15.6641,14.415965,14.245408,14.071034,16.248487,17.502344,17.44672,18.877178,0.0,0.0,0.0,0.0,0.0,0.0,0.0,0.0,0.0,0.0,0.0,0.0,0.0,0.0,0.0,22.42427,28.820242,27.086262,27.288855,26.959166,29.337238,28.467327,34.04047,25.72174,25.711662,23.319553,30.293522,19.373219,25.045238,24.993439,21.179166666666667,22.75,27.625,32.22083333333333,30.675,32.2625,33.74166666666667,33.45,24.10833333333333,24.620833333333334,18.529166666666665,20.0375,31.34166666666667,18.829166666666666,20.85,14.495833333333332,15.670833333333334,19.141666666666666,22.29583333333333,21.28333333333333,22.3125,23.241666666666664,23.0,16.787499999999998,16.925,12.766666666666666,13.933333333333332,21.65833333333333,12.954166666666666,14.3375,437.125,411.9583333333333,410.2916666666667,445.9583333333333,516.4166666666666,518.9583333333334,503.125,386.625,453.375,435.5833333333333,370.4166666666667,409.75,634.9583333333334,394.2916666666667,410.4583333333333,23.03333333333333,28.15,28.73333333333333,27.425,33.55416666666667,37.329166666666666,33.170833333333334,20.83333333333333,34.166666666666664,31.258333333333336,26.775,30.85,33.829166666666666,27.79583333333333,30.008333333333336,15.170833333333334,14.145833333333334,18.541666666666668,16.833333333333332,20.17083333333333,18.48333333333333,22.7,16.150000000000002,12.9875,12.608333333333334,11.7375,13.570833333333333,19.78333333333333,15.241666666666667,18.104166666666668,55.79166666666666,54.375,72.83333333333333,90.0,94.375,88.04166666666667,88.66666666666667,115.54166666666669,78.625,76.79166666666667,70.95833333333333,63.708333333333336,79.33333333333333,56.25,58.29166666666666
Mexico,Mexico City,19.4326,-99.1332,27.974,10.124,19.040667,25.38535,7.977277,16.467667,0.0,23.795427,6.459699,24.8625,17.170833333333334,543.6666666666666,27.6125,17.829166666666666,63.79166666666666,2024-04-05,19,51,121,191,19.040667,18.628166,20.461496,20.559418,20.913584,20.43442,20.134417,17.646917,17.915665,18.46775,18.365667,18.401083,19.776083,19.826082,20.488585,16.467667,16.200174,17.353422,17.458597,18.19014,17.76108,17.378925,15.591934,15.6641,14.415965,14.245408,14.071034,16.248487,17.502344,17.44672,0.0,0.0,0.0,0.0,0.0,0.0,0.0,0.0,0.0,0.0,0.0,0.0,0.0,0.0,0.0,23.795427,22.42427,28.820242,27.086262,27.288855,26.959166,29.337238,28.467327,34.04047,25.72174,25.711662,23.319553,30.293522,19.373219,25.045238,24.8625,21.179166666666667,22.75,27.625,32.22083333333333,30.675,32.2625,33.74166666666667,33.45,24.10833333333333,24.620833333333334,18.529166666666665,20.0375,31.34166666666667,18.829166666666666,17.170833333333334,14.495833333333332,15.670833333333334,19.141666666666666,22.29583333333333,21.28333333333333,22.3125,23.241666666666664,23.0,16.787499999999998,16.925,12.766666666666666,13.933333333333332,21.65833333333333,12.954166666666666,543.6666666666666,437.125,411.9583333333333,410.2916666666667,445.9583333333333,516.4166666666666,518.9583333333334,503.125,386.625,453.375,435.5833333333333,370.4166666666667,409.75,634.9583333333334,394.2916666666667,27.6125,23.03333333333333,28.15,28.73333333333333,27.425,33.55416666666667,37.329166666666666,33.170833333333334,20.83333333333333,34.166666666666664,31.258333333333336,26.775,30.85,33.829166666666666,27.79583333333333,17.829166666666666,15.170833333333334,14.145833333333334,18.541666666666668,16.833333333333332,20.17083333333333,18.48333333333333,22.7,16.150000000000002,12.9875,12.608333333333334,11.7375,13.570833333333333,19.78333333333333,15.241666666666667,63.79166666666666,55.79166666666666,54.375,72.83333333333333,90.0,94.375,88.04166666666667,88.66666666666667,115.54166666666669,78.625,76.79166666666667,70.95833333333333,63.708333333333336,79.33333333333333,56.25
Mexico,Mexico City,19.4326,-99.1332,29.324001,10.674,19.888582,26.585127,7.7103186,17.329714,0.0,27.86921,6.5407753,16.537499999999998,11.466666666666669,319.5,23.391666666666666,12.05,68.66666666666667,2024-04-06,14,71,145,230,19.888582,19.040667,18.628166,20.461496,20.559418,20.913584,20.43442,20.134417,17.646917,17.915665,18.46775,18.365667,18.401083,19.776083,19.826082,17.329714,16.467667,16.200174,17.353422,17.458597,18.19014,17.76108,17.378925,15.591934,15.6641,14.415965,14.245408,14.071034,16.248487,17.502344,0.0,0.0,0.0,0.0,0.0,0.0,0.0,0.0,0.0,0.0,0.0,0.0,0.0,0.0,0.0,27.86921,23.795427,22.42427,28.820242,27.086262,27.288855,26.959166,29.337238,28.467327,34.04047,25.72174,25.711662,23.319553,30.293522,19.373219,16.537499999999998,24.8625,21.179166666666667,22.75,27.625,32.22083333333333,30.675,32.2625,33.74166666666667,33.45,24.10833333333333,24.620833333333334,18.529166666666665,20.0375,31.34166666666667,11.466666666666669,17.170833333333334,14.495833333333332,15.670833333333334,19.141666666666666,22.29583333333333,21.28333333333333,22.3125,23.241666666666664,23.0,16.787499999999998,16.925,12.766666666666666,13.933333333333332,21.65833333333333,319.5,543.6666666666666,437.125,411.9583333333333,410.2916666666667,445.9583333333333,516.4166666666666,518.9583333333334,503.125,386.625,453.375,435.5833333333333,370.4166666666667,409.75,634.9583333333334,23.391666666666666,27.6125,23.03333333333333,28.15,28.73333333333333,27.425,33.55416666666667,37.329166666666666,33.170833333333334,20.83333333333333,34.166666666666664,31.258333333333336,26.775,30.85,33.829166666666666,12.05,17.829166666666666,15.170833333333334,14.145833333333334,18.541666666666668,16.833333333333332,20.17083333333333,18.48333333333333,22.7,16.150000000000002,12.9875,12.608333333333334,11.7375,13.570833333333333,19.78333333333333,68.66666666666667,63.79166666666666,55.79166666666666,54.375,72.83333333333333,90.0,94.375,88.04166666666667,88.66666666666667,115.54166666666669,78.625,76.79166666666667,70.95833333333333,63.708333333333336,79.33333333333333
Mexico,Mexico City,19.4326,-99.1332,28.824001,11.724,20.209417,27.260166,9.598525,17.729725,0.0,29.598919,6.375473,24.304166666666664,16.775000000000002,402.25,28.125,14.433333333333332,77.125,2024-04-07,33,59,131,223,20.209417,19.888582,19.040667,18.628166,20.461496,20.559418,20.913584,20.43442,20.134417,17.646917,17.915665,18.46775,18.365667,18.401083,19.776083,17.729725,17.329714,16.467667,16.200174,17.353422,17.458597,18.19014,17.76108,17.378925,15.591934,15.6641,14.415965,14.245408,14.071034,16.248487,0.0,0.0,0.0,0.0,0.0,0.0,0.0,0.0,0.0,0.0,0.0,0.0,0.0,0.0,0.0,29.598919,27.86921,23.795427,22.42427,28.820242,27.086262,27.288855,26.959166,29.337238,28.467327,34.04047,25.72174,25.711662,23.319553,30.293522,24.304166666666664,16.537499999999998,24.8625,21.179166666666667,22.75,27.625,32.22083333333333,30.675,32.2625,33.74166666666667,33.45,24.10833333333333,24.620833333333334,18.529166666666665,20.0375,16.775000000000002,11.466666666666669,17.170833333333334,14.495833333333332,15.670833333333334,19.141666666666666,22.29583333333333,21.28333333333333,22.3125,23.241666666666664,23.0,16.787499999999998,16.925,12.766666666666666,13.933333333333332,402.25,319.5,543.6666666666666,437.125,411.9583333333333,410.2916666666667,445.9583333333333,516.4166666666666,518.9583333333334,503.125,386.625,453.375,435.5833333333333,370.4166666666667,409.75,28.125,23.391666666666666,27.6125,23.03333333333333,28.15,28.73333333333333,27.425,33.55416666666667,37.329166666666666,33.170833333333334,20.83333333333333,34.166666666666664,31.258333333333336,26.775,30.85,14.433333333333332,12.05,17.829166666666666,15.170833333333334,14.145833333333334,18.541666666666668,16.833333333333332,20.17083333333333,18.48333333333333,22.7,16.150000000000002,12.9875,12.608333333333334,11.7375,13.570833333333333,77.125,68.66666666666667,63.79166666666666,55.79166666666666,54.375,72.83333333333333,90.0,94.375,88.04166666666667,88.66666666666667,115.54166666666669,78.625,76.79166666666667,70.95833333333333,63.708333333333336
Mexico,Mexico City,19.4326,-99.1332,30.074001,15.324,22.08442,27.353949,13.61356,19.360006,0.0,26.525429,6.8027844,25.9375,17.920833333333334,417.9166666666667,29.0625,15.170833333333334,85.58333333333333,2024-04-08,24,62,128,214,22.08442,20.209417,19.888582,19.040667,18.628166,20.461496,20.559418,20.913584,20.43442,20.134417,17.646917,17.915665,18.46775,18.365667,18.401083,19.360006,17.729725,17.329714,16.467667,16.200174,17.353422,17.458597,18.19014,17.76108,17.378925,15.591934,15.6641,14.415965,14.245408,14.071034,0.0,0.0,0.0,0.0,0.0,0.0,0.0,0.0,0.0,0.0,0.0,0.0,0.0,0.0,0.0,26.525429,29.598919,27.86921,23.795427,22.42427,28.820242,27.086262,27.288855,26.959166,29.337238,28.467327,34.04047,25.72174,25.711662,23.319553,25.9375,24.304166666666664,16.537499999999998,24.8625,21.179166666666667,22.75,27.625,32.22083333333333,30.675,32.2625,33.74166666666667,33.45,24.10833333333333,24.620833333333334,18.529166666666665,17.920833333333334,16.775000000000002,11.466666666666669,17.170833333333334,14.495833333333332,15.670833333333334,19.141666666666666,22.29583333333333,21.28333333333333,22.3125,23.241666666666664,23.0,16.787499999999998,16.925,12.766666666666666,417.9166666666667,402.25,319.5,543.6666666666666,437.125,411.9583333333333,410.2916666666667,445.9583333333333,516.4166666666666,518.9583333333334,503.125,386.625,453.375,435.5833333333333,370.4166666666667,29.0625,28.125,23.391666666666666,27.6125,23.03333333333333,28.15,28.73333333333333,27.425,33.55416666666667,37.329166666666666,33.170833333333334,20.83333333333333,34.166666666666664,31.258333333333336,26.775,15.170833333333334,14.433333333333332,12.05,17.829166666666666,15.170833333333334,14.145833333333334,18.541666666666668,16.833333333333332,20.17083333333333,18.48333333333333,22.7,16.150000000000002,12.9875,12.608333333333334,11.7375,85.58333333333333,77.125,68.66666666666667,63.79166666666666,55.79166666666666,54.375,72.83333333333333,90.0,94.375,88.04166666666667,88.66666666666667,115.54166666666669,78.625,76.79166666666667,70.95833333333333
Mexico,Mexico City,19.4326,-99.1332,29.224,10.824,20.561502,25.77734,7.7197695,16.928507,0.0,31.75355,7.5113063,16.554166666666667,11.454166666666667,353.5,23.204166666666666,11.391666666666666,73.83333333333333,2024-04-09,33,60,127,220,20.561502,22.08442,20.209417,19.888582,19.040667,18.628166,20.461496,20.559418,20.913584,20.43442,20.134417,17.646917,17.915665,18.46775,18.365667,16.928507,19.360006,17.729725,17.329714,16.467667,16.200174,17.353422,17.458597,18.19014,17.76108,17.378925,15.591934,15.6641,14.415965,14.245408,0.0,0.0,0.0,0.0,0.0,0.0,0.0,0.0,0.0,0.0,0.0,0.0,0.0,0.0,0.0,31.75355,26.525429,29.598919,27.86921,23.795427,22.42427,28.820242,27.086262,27.288855,26.959166,29.337238,28.467327,34.04047,25.72174,25.711662,16.554166666666667,25.9375,24.304166666666664,16.537499999999998,24.8625,21.179166666666667,22.75,27.625,32.22083333333333,30.675,32.2625,33.74166666666667,33.45,24.10833333333333,24.620833333333334,11.454166666666667,17.920833333333334,16.775000000000002,11.466666666666669,17.170833333333334,14.495833333333332,15.670833333333334,19.141666666666666,22.29583333333333,21.28333333333333,22.3125,23.241666666666664,23.0,16.787499999999998,16.925,353.5,417.9166666666667,402.25,319.5,543.6666666666666,437.125,411.9583333333333,410.2916666666667,445.9583333333333,516.4166666666666,518.9583333333334,503.125,386.625,453.375,435.5833333333333,23.204166666666666,29.0625,28.125,23.391666666666666,27.6125,23.03333333333333,28.15,28.73333333333333,27.425,33.55416666666667,37.329166666666666,33.170833333333334,20.83333333333333,34.166666666666664,31.258333333333336,11.391666666666666,15.170833333333334,14.433333333333332,12.05,17.829166666666666,15.170833333333334,14.145833333333334,18.541666666666668,16.833333333333332,20.17083333333333,18.48333333333333,22.7,16.150000000000002,12.9875,12.608333333333334,73.83333333333333,85.58333333333333,77.125,68.66666666666667,63.79166666666666,55.79166666666666,54.375,72.83333333333333,90.0,94.375,88.04166666666667,88.66666666666667,115.54166666666669,78.625,76.79166666666667
Mexico,Mexico City,19.4326,-99.1332,29.124,11.174,19.692749,26.999998,8.779558,16.877193,0.0,22.45315,6.544309,17.004166666666666,11.7875,362.0833333333333,23.291666666666668,11.85,77.29166666666667,2024-04-10,30,61,115,206,19.692749,20.561502,22.08442,20.209417,19.888582,19.040667,18.628166,20.461496,20.559418,20.913584,20.43442,20.134417,17.646917,17.915665,18.46775,16.877193,16.928507,19.360006,17.729725,17.329714,16.467667,16.200174,17.353422,17.458597,18.19014,17.76108,17.378925,15.591934,15.6641,14.415965,0.0,0.0,0.0,0.0,0.0,0.0,0.0,0.0,0.0,0.0,0.0,0.0,0.0,0.0,0.0,22.45315,31.75355,26.525429,29.598919,27.86921,23.795427,22.42427,28.820242,27.086262,27.288855,26.959166,29.337238,28.467327,34.04047,25.72174,17.004166666666666,16.554166666666667,25.9375,24.304166666666664,16.537499999999998,24.8625,21.179166666666667,22.75,27.625,32.22083333333333,30.675,32.2625,33.74166666666667,33.45,24.10833333333333,11.7875,11.454166666666667,17.920833333333334,16.775000000000002,11.466666666666669,17.170833333333334,14.495833333333332,15.670833333333334,19.141666666666666,22.29583333333333,21.28333333333333,22.3125,23.241666666666664,23.0,16.787499999999998,362.0833333333333,353.5,417.9166666666667,402.25,319.5,543.6666666666666,437.125,411.9583333333333,410.2916666666667,445.9583333333333,516.4166666666666,518.9583333333334,503.125,386.625,453.375,23.291666666666668,23.204166666666666,29.0625,28.125,23.391666666666666,27.6125,23.03333333333333,28.15,28.73333333333333,27.425,33.55416666666667,37.329166666666666,33.170833333333334,20.83333333333333,34.166666666666664,11.85,11.391666666666666,15.170833333333334,14.433333333333332,12.05,17.829166666666666,15.170833333333334,14.145833333333334,18.541666666666668,16.833333333333332,20.17083333333333,18.48333333333333,22.7,16.150000000000002,12.9875,77.29166666666667,73.83333333333333,85.58333333333333,77.125,68.66666666666667,63.79166666666666,55.79166666666666,54.375,72.83333333333333,90.0,94.375,88.04166666666667,88.66666666666667,115.54166666666669,78.625
Mexico,Mexico City,19.4326,-99.1332,27.924002,11.024,19.142748,26.67207,9.226375,16.894636,0.0,19.959719,5.660433,28.191666666666663,19.4625,475.7916666666667,29.7,16.9875,86.75,2024-04-11,30,63,119,212,19.142748,19.692749,20.561502,22.08442,20.209417,19.888582,19.040667,18.628166,20.461496,20.559418,20.913584,20.43442,20.134417,17.646917,17.915665,16.894636,16.877193,16.928507,19.360006,17.729725,17.329714,16.467667,16.200174,17.353422,17.458597,18.19014,17.76108,17.378925,15.591934,15.6641,0.0,0.0,0.0,0.0,0.0,0.0,0.0,0.0,0.0,0.0,0.0,0.0,0.0,0.0,0.0,19.959719,22.45315,31.75355,26.525429,29.598919,27.86921,23.795427,22.42427,28.820242,27.086262,27.288855,26.959166,29.337238,28.467327,34.04047,28.191666666666663,17.004166666666666,16.554166666666667,25.9375,24.304166666666664,16.537499999999998,24.8625,21.179166666666667,22.75,27.625,32.22083333333333,30.675,32.2625,33.74166666666667,33.45,19.4625,11.7875,11.454166666666667,17.920833333333334,16.775000000000002,11.466666666666669,17.170833333333334,14.495833333333332,15.670833333333334,19.141666666666666,22.29583333333333,21.28333333333333,22.3125,23.241666666666664,23.0,475.7916666666667,362.0833333333333,353.5,417.9166666666667,402.25,319.5,543.6666666666666,437.125,411.9583333333333,410.2916666666667,445.9583333333333,516.4166666666666,518.9583333333334,503.125,386.625,29.7,23.291666666666668,23.204166666666666,29.0625,28.125,23.391666666666666,27.6125,23.03333333333333,28.15,28.73333333333333,27.425,33.55416666666667,37.329166666666666,33.170833333333334,20.83333333333333,16.9875,11.85,11.391666666666666,15.170833333333334,14.433333333333332,12.05,17.829166666666666,15.170833333333334,14.145833333333334,18.541666666666668,16.833333333333332,20.17083333333333,18.48333333333333,22.7,16.150000000000002,86.75,77.29166666666667,73.83333333333333,85.58333333333333,77.125,68.66666666666667,63.79166666666666,55.79166666666666,54.375,72.83333333333333,90.0,94.375,88.04166666666667,88.66666666666667,115.54166666666669
Mexico,Mexico City,19.4326,-99.1332,29.374,8.974,17.232332,29.102074,7.4847727,15.163074,0.0,34.62369,5.8706427,23.8625,16.287499999999998,328.9166666666667,20.89583333333333,18.17083333333333,101.91666666666669,2024-04-12,26,61,139,226,17.232332,19.142748,19.692749,20.561502,22.08442,20.209417,19.888582,19.040667,18.628166,20.461496,20.559418,20.913584,20.43442,20.134417,17.646917,15.163074,16.894636,16.877193,16.928507,19.360006,17.729725,17.329714,16.467667,16.200174,17.353422,17.458597,18.19014,17.76108,17.378925,15.591934,0.0,0.0,0.0,0.0,0.0,0.0,0.0,0.0,0.0,0.0,0.0,0.0,0.0,0.0,0.0,34.62369,19.959719,22.45315,31.75355,26.525429,29.598919,27.86921,23.795427,22.42427,28.820242,27.086262,27.288855,26.959166,29.337238,28.467327,23.8625,28.191666666666663,17.004166666666666,16.554166666666667,25.9375,24.304166666666664,16.537499999999998,24.8625,21.179166666666667,22.75,27.625,32.22083333333333,30.675,32.2625,33.74166666666667,16.287499999999998,19.4625,11.7875,11.454166666666667,17.920833333333334,16.775000000000002,11.466666666666669,17.170833333333334,14.495833333333332,15.670833333333334,19.141666666666666,22.29583333333333,21.28333333333333,22.3125,23.241666666666664,328.9166666666667,475.7916666666667,362.0833333333333,353.5,417.9166666666667,402.25,319.5,543.6666666666666,437.125,411.9583333333333,410.2916666666667,445.9583333333333,516.4166666666666,518.9583333333334,503.125,20.89583333333333,29.7,23.291666666666668,23.204166666666666,29.0625,28.125,23.391666666666666,27.6125,23.03333333333333,28.15,28.73333333333333,27.425,33.55416666666667,37.329166666666666,33.170833333333334,18.17083333333333,16.9875,11.85,11.391666666666666,15.170833333333334,14.433333333333332,12.05,17.829166666666666,15.170833333333334,14.145833333333334,18.541666666666668,16.833333333333332,20.17083333333333,18.48333333333333,22.7,101.91666666666669,86.75,77.29166666666667,73.83333333333333,85.58333333333333,77.125,68.66666666666667,63.79166666666666,55.79166666666666,54.375,72.83333333333333,90.0,94.375,88.04166666666667,88.66666666666667
Mexico,Mexico City,19.4326,-99.1332,30.374,11.324,19.880249,28.970764,9.741775,17.91678,0.0,27.74103,6.674408,28.08333333333333,18.7875,308.0,18.0375,15.566666666666668,94.41666666666669,2024-04-13,14,58,130,202,19.880249,17.232332,19.142748,19.692749,20.561502,22.08442,20.209417,19.888582,19.040667,18.628166,20.461496,20.559418,20.913584,20.43442,20.134417,17.91678,15.163074,16.894636,16.877193,16.928507,19.360006,17.729725,17.329714,16.467667,16.200174,17.353422,17.458597,18.19014,17.76108,17.378925,0.0,0.0,0.0,0.0,0.0,0.0,0.0,0.0,0.0,0.0,0.0,0.0,0.0,0.0,0.0,27.74103,34.62369,19.959719,22.45315,31.75355,26.525429,29.598919,27.86921,23.795427,22.42427,28.820242,27.086262,27.288855,26.959166,29.337238,28.08333333333333,23.8625,28.191666666666663,17.004166666666666,16.554166666666667,25.9375,24.304166666666664,16.537499999999998,24.8625,21.179166666666667,22.75,27.625,32.22083333333333,30.675,32.2625,18.7875,16.287499999999998,19.4625,11.7875,11.454166666666667,17.920833333333334,16.775000000000002,11.466666666666669,17.170833333333334,14.495833333333332,15.670833333333334,19.141666666666666,22.29583333333333,21.28333333333333,22.3125,308.0,328.9166666666667,475.7916666666667,362.0833333333333,353.5,417.9166666666667,402.25,319.5,543.6666666666666,437.125,411.9583333333333,410.2916666666667,445.9583333333333,516.4166666666666,518.9583333333334,18.0375,20.89583333333333,29.7,23.291666666666668,23.204166666666666,29.0625,28.125,23.391666666666666,27.6125,23.03333333333333,28.15,28.73333333333333,27.425,33.55416666666667,37.329166666666666,15.566666666666668,18.17083333333333,16.9875,11.85,11.391666666666666,15.170833333333334,14.433333333333332,12.05,17.829166666666666,15.170833333333334,14.145833333333334,18.541666666666668,16.833333333333332,20.17083333333333,18.48333333333333,94.41666666666669,101.91666666666669,86.75,77.29166666666667,73.83333333333333,85.58333333333333,77.125,68.66666666666667,63.79166666666666,55.79166666666666,54.375,72.83333333333333,90.0,94.375,88.04166666666667
Mexico,Mexico City,19.4326,-99.1332,31.574001,12.224,21.501083,30.451534,10.691578,19.692488,0.0,23.051247,6.7945466,27.629166666666663,19.04583333333333,414.5833333333333,29.6625,18.3125,97.16666666666669,2024-04-14,22,49,148,219,21.501083,19.880249,17.232332,19.142748,19.692749,20.561502,22.08442,20.209417,19.888582,19.040667,18.628166,20.461496,20.559418,20.913584,20.43442,19.692488,17.91678,15.163074,16.894636,16.877193,16.928507,19.360006,17.729725,17.329714,16.467667,16.200174,17.353422,17.458597,18.19014,17.76108,0.0,0.0,0.0,0.0,0.0,0.0,0.0,0.0,0.0,0.0,0.0,0.0,0.0,0.0,0.0,23.051247,27.74103,34.62369,19.959719,22.45315,31.75355,26.525429,29.598919,27.86921,23.795427,22.42427,28.820242,27.086262,27.288855,26.959166,27.629166666666663,28.08333333333333,23.8625,28.191666666666663,17.004166666666666,16.554166666666667,25.9375,24.304166666666664,16.537499999999998,24.8625,21.179166666666667,22.75,27.625,32.22083333333333,30.675,19.04583333333333,18.7875,16.287499999999998,19.4625,11.7875,11.454166666666667,17.920833333333334,16.775000000000002,11.466666666666669,17.170833333333334,14.495833333333332,15.670833333333334,19.141666666666666,22.29583333333333,21.28333333333333,414.5833333333333,308.0,328.9166666666667,475.7916666666667,362.0833333333333,353.5,417.9166666666667,402.25,319.5,543.6666666666666,437.125,411.9583333333333,410.2916666666667,445.9583333333333,516.4166666666666,29.6625,18.0375,20.89583333333333,29.7,23.291666666666668,23.204166666666666,29.0625,28.125,23.391666666666666,27.6125,23.03333333333333,28.15,28.73333333333333,27.425,33.55416666666667,18.3125,15.566666666666668,18.17083333333333,16.9875,11.85,11.391666666666666,15.170833333333334,14.433333333333332,12.05,17.829166666666666,15.170833333333334,14.145833333333334,18.541666666666668,16.833333333333332,20.17083333333333,97.16666666666669,94.41666666666669,101.91666666666669,86.75,77.29166666666667,73.83333333333333,85.58333333333333,77.125,68.66666666666667,63.79166666666666,55.79166666666666,54.375,72.83333333333333,90.0,94.375
Mexico,Mexico City,19.4326,-99.1332,31.724,13.174,22.848999,31.00032,11.717075,20.817537,0.0,24.881702,6.2451444,27.60833333333333,19.10833333333333,499.0833333333333,38.1,19.120833333333334,100.41666666666669,2024-04-15,23,85,152,260,22.848999,21.501083,19.880249,17.232332,19.142748,19.692749,20.561502,22.08442,20.209417,19.888582,19.040667,18.628166,20.461496,20.559418,20.913584,20.817537,19.692488,17.91678,15.163074,16.894636,16.877193,16.928507,19.360006,17.729725,17.329714,16.467667,16.200174,17.353422,17.458597,18.19014,0.0,0.0,0.0,0.0,0.0,0.0,0.0,0.0,0.0,0.0,0.0,0.0,0.0,0.0,0.0,24.881702,23.051247,27.74103,34.62369,19.959719,22.45315,31.75355,26.525429,29.598919,27.86921,23.795427,22.42427,28.820242,27.086262,27.288855,27.60833333333333,27.629166666666663,28.08333333333333,23.8625,28.191666666666663,17.004166666666666,16.554166666666667,25.9375,24.304166666666664,16.537499999999998,24.8625,21.179166666666667,22.75,27.625,32.22083333333333,19.10833333333333,19.04583333333333,18.7875,16.287499999999998,19.4625,11.7875,11.454166666666667,17.920833333333334,16.775000000000002,11.466666666666669,17.170833333333334,14.495833333333332,15.670833333333334,19.141666666666666,22.29583333333333,499.0833333333333,414.5833333333333,308.0,328.9166666666667,475.7916666666667,362.0833333333333,353.5,417.9166666666667,402.25,319.5,543.6666666666666,437.125,411.9583333333333,410.2916666666667,445.9583333333333,38.1,29.6625,18.0375,20.89583333333333,29.7,23.291666666666668,23.204166666666666,29.0625,28.125,23.391666666666666,27.6125,23.03333333333333,28.15,28.73333333333333,27.425,19.120833333333334,18.3125,15.566666666666668,18.17083333333333,16.9875,11.85,11.391666666666666,15.170833333333334,14.433333333333332,12.05,17.829166666666666,15.170833333333334,14.145833333333334,18.541666666666668,16.833333333333332,100.41666666666669,97.16666666666669,94.41666666666669,101.91666666666669,86.75,77.29166666666667,73.83333333333333,85.58333333333333,77.125,68.66666666666667,63.79166666666666,55.79166666666666,54.375,72.83333333333333,90.0
Mexico,Mexico City,19.4326,-99.1332,32.924,14.324,22.901085,30.73563,12.323122,20.673275,0.0,24.57511,6.7994347,31.925,21.79583333333333,480.5,34.175000000000004,21.8375,97.58333333333331,2024-04-16,32,62,139,233,22.901085,22.848999,21.501083,19.880249,17.232332,19.142748,19.692749,20.561502,22.08442,20.209417,19.888582,19.040667,18.628166,20.461496,20.559418,20.673275,20.817537,19.692488,17.91678,15.163074,16.894636,16.877193,16.928507,19.360006,17.729725,17.329714,16.467667,16.200174,17.353422,17.458597,0.0,0.0,0.0,0.0,0.0,0.0,0.0,0.0,0.0,0.0,0.0,0.0,0.0,0.0,0.0,24.57511,24.881702,23.051247,27.74103,34.62369,19.959719,22.45315,31.75355,26.525429,29.598919,27.86921,23.795427,22.42427,28.820242,27.086262,31.925,27.60833333333333,27.629166666666663,28.08333333333333,23.8625,28.191666666666663,17.004166666666666,16.554166666666667,25.9375,24.304166666666664,16.537499999999998,24.8625,21.179166666666667,22.75,27.625,21.79583333333333,19.10833333333333,19.04583333333333,18.7875,16.287499999999998,19.4625,11.7875,11.454166666666667,17.920833333333334,16.775000000000002,11.466666666666669,17.170833333333334,14.495833333333332,15.670833333333334,19.141666666666666,480.5,499.0833333333333,414.5833333333333,308.0,328.9166666666667,475.7916666666667,362.0833333333333,353.5,417.9166666666667,402.25,319.5,543.6666666666666,437.125,411.9583333333333,410.2916666666667,34.175000000000004,38.1,29.6625,18.0375,20.89583333333333,29.7,23.291666666666668,23.204166666666666,29.0625,28.125,23.391666666666666,27.6125,23.03333333333333,28.15,28.73333333333333,21.8375,19.120833333333334,18.3125,15.566666666666668,18.17083333333333,16.9875,11.85,11.391666666666666,15.170833333333334,14.433333333333332,12.05,17.829166666666666,15.170833333333334,14.145833333333334,18.541666666666668,97.58333333333331,100.41666666666669,97.16666666666669,94.41666666666669,101.91666666666669,86.75,77.29166666666667,73.83333333333333,85.58333333333333,77.125,68.66666666666667,63.79166666666666,55.79166666666666,54.375,72.83333333333333
Mexico,Mexico City,19.4326,-99.1332,31.774,15.324,23.490667,30.39241,13.936266,21.476507,0.0,22.086521,6.878029,34.266666666666666,23.54583333333333,413.3333333333333,27.375,21.6125,109.79166666666669,2024-04-17,28,55,143,226,23.490667,22.901085,22.848999,21.501083,19.880249,17.232332,19.142748,19.692749,20.561502,22.08442,20.209417,19.888582,19.040667,18.628166,20.461496,21.476507,20.673275,20.817537,19.692488,17.91678,15.163074,16.894636,16.877193,16.928507,19.360006,17.729725,17.329714,16.467667,16.200174,17.353422,0.0,0.0,0.0,0.0,0.0,0.0,0.0,0.0,0.0,0.0,0.0,0.0,0.0,0.0,0.0,22.086521,24.57511,24.881702,23.051247,27.74103,34.62369,19.959719,22.45315,31.75355,26.525429,29.598919,27.86921,23.795427,22.42427,28.820242,34.266666666666666,31.925,27.60833333333333,27.629166666666663,28.08333333333333,23.8625,28.191666666666663,17.004166666666666,16.554166666666667,25.9375,24.304166666666664,16.537499999999998,24.8625,21.179166666666667,22.75,23.54583333333333,21.79583333333333,19.10833333333333,19.04583333333333,18.7875,16.287499999999998,19.4625,11.7875,11.454166666666667,17.920833333333334,16.775000000000002,11.466666666666669,17.170833333333334,14.495833333333332,15.670833333333334,413.3333333333333,480.5,499.0833333333333,414.5833333333333,308.0,328.9166666666667,475.7916666666667,362.0833333333333,353.5,417.9166666666667,402.25,319.5,543.6666666666666,437.125,411.9583333333333,27.375,34.175000000000004,38.1,29.6625,18.0375,20.89583333333333,29.7,23.291666666666668,23.204166666666666,29.0625,28.125,23.391666666666666,27.6125,23.03333333333333,28.15,21.6125,21.8375,19.120833333333334,18.3125,15.566666666666668,18.17083333333333,16.9875,11.85,11.391666666666666,15.170833333333334,14.433333333333332,12.05,17.829166666666666,15.170833333333334,14.145833333333334,109.79166666666669,97.58333333333331,100.41666666666669,97.16666666666669,94.41666666666669,101.91666666666669,86.75,77.29166666666667,73.83333333333333,85.58333333333333,77.125,68.66666666666667,63.79166666666666,55.79166666666666,54.375
Mexico,Mexico City,19.4326,-99.1332,31.324001,15.574,23.123999,29.320267,14.154854,21.224043,0.0,19.839235,6.524887,33.354166666666664,22.9375,445.625,30.70833333333333,21.6,101.75,2024-04-18,38,66,134,238,23.123999,23.490667,22.901085,22.848999,21.501083,19.880249,17.232332,19.142748,19.692749,20.561502,22.08442,20.209417,19.888582,19.040667,18.628166,21.224043,21.476507,20.673275,20.817537,19.692488,17.91678,15.163074,16.894636,16.877193,16.928507,19.360006,17.729725,17.329714,16.467667,16.200174,0.0,0.0,0.0,0.0,0.0,0.0,0.0,0.0,0.0,0.0,0.0,0.0,0.0,0.0,0.0,19.839235,22.086521,24.57511,24.881702,23.051247,27.74103,34.62369,19.959719,22.45315,31.75355,26.525429,29.598919,27.86921,23.795427,22.42427,33.354166666666664,34.266666666666666,31.925,27.60833333333333,27.629166666666663,28.08333333333333,23.8625,28.191666666666663,17.004166666666666,16.554166666666667,25.9375,24.304166666666664,16.537499999999998,24.8625,21.179166666666667,22.9375,23.54583333333333,21.79583333333333,19.10833333333333,19.04583333333333,18.7875,16.287499999999998,19.4625,11.7875,11.454166666666667,17.920833333333334,16.775000000000002,11.466666666666669,17.170833333333334,14.495833333333332,445.625,413.3333333333333,480.5,499.0833333333333,414.5833333333333,308.0,328.9166666666667,475.7916666666667,362.0833333333333,353.5,417.9166666666667,402.25,319.5,543.6666666666666,437.125,30.70833333333333,27.375,34.175000000000004,38.1,29.6625,18.0375,20.89583333333333,29.7,23.291666666666668,23.204166666666666,29.0625,28.125,23.391666666666666,27.6125,23.03333333333333,21.6,21.6125,21.8375,19.120833333333334,18.3125,15.566666666666668,18.17083333333333,16.9875,11.85,11.391666666666666,15.170833333333334,14.433333333333332,12.05,17.829166666666666,15.170833333333334,101.75,109.79166666666669,97.58333333333331,100.41666666666669,97.16666666666669,94.41666666666669,101.91666666666669,86.75,77.29166666666667,73.83333333333333,85.58333333333333,77.125,68.66666666666667,63.79166666666666,55.79166666666666
Mexico,Mexico City,19.4326,-99.1332,28.724,15.574,21.951086,28.580975,14.5657215,20.616716,0.2,24.482647,5.950312,51.59166666666667,35.545833333333334,446.25,27.258333333333336,21.891666666666666,115.54166666666669,2024-04-19,20,53,163,236,21.951086,23.123999,23.490667,22.901085,22.848999,21.501083,19.880249,17.232332,19.142748,19.692749,20.561502,22.08442,20.209417,19.888582,19.040667,20.616716,21.224043,21.476507,20.673275,20.817537,19.692488,17.91678,15.163074,16.894636,16.877193,16.928507,19.360006,17.729725,17.329714,16.467667,0.2,0.0,0.0,0.0,0.0,0.0,0.0,0.0,0.0,0.0,0.0,0.0,0.0,0.0,0.0,24.482647,19.839235,22.086521,24.57511,24.881702,23.051247,27.74103,34.62369,19.959719,22.45315,31.75355,26.525429,29.598919,27.86921,23.795427,51.59166666666667,33.354166666666664,34.266666666666666,31.925,27.60833333333333,27.629166666666663,28.08333333333333,23.8625,28.191666666666663,17.004166666666666,16.554166666666667,25.9375,24.304166666666664,16.537499999999998,24.8625,35.545833333333334,22.9375,23.54583333333333,21.79583333333333,19.10833333333333,19.04583333333333,18.7875,16.287499999999998,19.4625,11.7875,11.454166666666667,17.920833333333334,16.775000000000002,11.466666666666669,17.170833333333334,446.25,445.625,413.3333333333333,480.5,499.0833333333333,414.5833333333333,308.0,328.9166666666667,475.7916666666667,362.0833333333333,353.5,417.9166666666667,402.25,319.5,543.6666666666666,27.258333333333336,30.70833333333333,27.375,34.175000000000004,38.1,29.6625,18.0375,20.89583333333333,29.7,23.291666666666668,23.204166666666666,29.0625,28.125,23.391666666666666,27.6125,21.891666666666666,21.6,21.6125,21.8375,19.120833333333334,18.3125,15.566666666666668,18.17083333333333,16.9875,11.85,11.391666666666666,15.170833333333334,14.433333333333332,12.05,17.829166666666666,115.54166666666669,101.75,109.79166666666669,97.58333333333331,100.41666666666669,97.16666666666669,94.41666666666669,101.91666666666669,86.75,77.29166666666667,73.83333333333333,85.58333333333333,77.125,68.66666666666667,63.79166666666666
Mexico,Mexico City,19.4326,-99.1332,27.624,15.474,19.963583,28.397503,15.339199,19.376183,4.2999997,22.033648,4.782675,69.27916666666667,47.78333333333333,388.875,17.616666666666667,16.8625,121.04166666666669,2024-04-20,26,53,113,192,19.963583,21.951086,23.123999,23.490667,22.901085,22.848999,21.501083,19.880249,17.232332,19.142748,19.692749,20.561502,22.08442,20.209417,19.888582,19.376183,20.616716,21.224043,21.476507,20.673275,20.817537,19.692488,17.91678,15.163074,16.894636,16.877193,16.928507,19.360006,17.729725,17.329714,4.2999997,0.2,0.0,0.0,0.0,0.0,0.0,0.0,0.0,0.0,0.0,0.0,0.0,0.0,0.0,22.033648,24.482647,19.839235,22.086521,24.57511,24.881702,23.051247,27.74103,34.62369,19.959719,22.45315,31.75355,26.525429,29.598919,27.86921,69.27916666666667,51.59166666666667,33.354166666666664,34.266666666666666,31.925,27.60833333333333,27.629166666666663,28.08333333333333,23.8625,28.191666666666663,17.004166666666666,16.554166666666667,25.9375,24.304166666666664,16.537499999999998,47.78333333333333,35.545833333333334,22.9375,23.54583333333333,21.79583333333333,19.10833333333333,19.04583333333333,18.7875,16.287499999999998,19.4625,11.7875,11.454166666666667,17.920833333333334,16.775000000000002,11.466666666666669,388.875,446.25,445.625,413.3333333333333,480.5,499.0833333333333,414.5833333333333,308.0,328.9166666666667,475.7916666666667,362.0833333333333,353.5,417.9166666666667,402.25,319.5,17.616666666666667,27.258333333333336,30.70833333333333,27.375,34.175000000000004,38.1,29.6625,18.0375,20.89583333333333,29.7,23.291666666666668,23.204166666666666,29.0625,28.125,23.391666666666666,16.8625,21.891666666666666,21.6,21.6125,21.8375,19.120833333333334,18.3125,15.566666666666668,18.17083333333333,16.9875,11.85,11.391666666666666,15.170833333333334,14.433333333333332,12.05,121.04166666666669,115.54166666666669,101.75,109.79166666666669,97.58333333333331,100.41666666666669,97.16666666666669,94.41666666666669,101.91666666666669,86.75,77.29166666666667,73.83333333333333,85.58333333333333,77.125,68.66666666666667
